A,Z,Element,Elevel,T1/2 (num),Decay Time (sec),full name,Total amount (number atoms),Total amount (gram)
238.0,94.0,PU,0.0,2767999999.8645263,788400000.0,PU238-0.0,3.090548259012528e+21,1.2214103172921877
153.0,62.0,SM,98.39,0.0106,788400000.0,SM153-98.39,9.45468773985703,3.760325504912789e-21
88.0,35.0,BR,270.1,5.3e-06,788400000.0,BR88-270.1,0.0066861636072303296,2.6597312067553127e-24
130.0,53.0,I,39.9542,530.4,788400000.0,I130-39.9542,1975.060900220514,7.840461836679975e-19
70.0,31.0,GA,0.0,1268.4,788400000.0,GA70-0.0,0.016733750208418857,6.641962832521518e-24
89.0,39.0,Y,908.96,15.663,788400000.0,Y89-908.96,45003.83050914575,1.789195672275803e-17
138.0,57.0,LA,0.0,3.25e+18,788400000.0,LA138-0.0,40064871.26082721,1.5907288309028186e-14
143.0,59.0,PR,0.0,1172448.0,788400000.0,PR143-0.0,51998353.37933956,2.065460020372972e-14
133.0,56.0,BA,288.252,140148.0,788400000.0,BA133-288.252,0.25239802560459523,1.0017614271113292e-22
133.0,56.0,BA,0.0,333000000.0,788400000.0,BA133-0.0,484.1828420921078,1.9216995410432773e-19
73.0,32.0,GE,66.722,0.499,788400000.0,GE73-66.722,0.4904213560360778,1.9478667104556643e-22
166.0,67.0,HO,190.9021,0.000185,788400000.0,HO166-190.9021,4.247545909176259e-05,1.686114996252076e-26
117.0,51.0,SB,3130.82,0.000355,788400000.0,SB117-3130.82,5.577429552345739e-13,2.2042464405270495e-34
84.0,33.0,AS,0.0,4.02,788400000.0,AS84-0.0,973.10470277753,3.8711696516542735e-19
152.0,64.0,GD,0.0,3.408e+21,788400000.0,GD152-0.0,18356.900340680386,7.284684018033653e-18
79.0,36.0,KR,130.01,50.0,788400000.0,KR79-130.01,4.2237517717665574e-07,1.6761375010016386e-28
156.0,65.0,TB,88.4,19080.0,788400000.0,TB156-88.4,0.01972615834620769,7.82782635599262e-24
165.0,68.0,ER,0.0,37296.0,788400000.0,ER165-0.0,0.01830178901525685,7.263185645449819e-24
149.0,57.0,LA,0.0,1.05,788400000.0,LA149-0.0,193.03462467488993,7.687153996083803e-20
92.0,36.0,KR,0.0,1.84,788400000.0,KR92-0.0,2692.7950915341435,1.0715462259444515e-18
137.0,57.0,LA,0.0,1893000000000.0,788400000.0,LA137-0.0,1541217.794555937,6.118091281487944e-16
87.0,35.0,BR,0.0,55.65,788400000.0,BR87-0.0,73757.61336194837,2.93273211084559e-17
104.0,45.0,RH,0.0,42.3,788400000.0,RH104-0.0,0.45251770653774925,1.7964179872361938e-22
132.0,53.0,I,120.0,4993.2,788400000.0,I132-120.0,32335344.658150136,1.285550573165687e-14
130.0,51.0,SB,0.0,2370.0,788400000.0,SB130-0.0,12585768.616286324,5.005588598618692e-15
70.0,29.0,CU,242.6,6.6,788400000.0,CU70-242.6,0.6914681888251667,2.7454008094252574e-22
140.0,54.0,XE,0.0,13.6,788400000.0,XE140-0.0,68723.23120819831,2.734936311945627e-17
113.0,49.0,IN,391.691,5968.56,788400000.0,IN113-391.691,1.7533669415841752e-05,6.92945164730812e-27
135.0,53.0,I,0.0,23688.0,788400000.0,I135-0.0,368533679.00733095,1.466036537291819e-13
78.0,32.0,GE,0.0,5280.0,788400000.0,GE78-0.0,252508.59279435113,1.0039963287295134e-16
78.0,30.0,ZN,2672.5,3.19e-07,788400000.0,ZN78-2672.5,8.334395198112796e-07,3.3155825177561573e-28
154.0,60.0,ND,0.0,25.9,788400000.0,ND154-0.0,12098.656053753093,4.8147215022747126e-18
87.0,39.0,Y,380.82,48132.0,788400000.0,Y87-380.82,0.05357125841983813,2.1261885631495902e-23
123.0,50.0,SN,24.6,2403.6,788400000.0,SN123-24.6,347310.4201207917,1.3805873041973127e-16
121.0,48.0,CD,214.89,8.3,788400000.0,CD121-214.89,678.0415147144714,2.6957313674093113e-19
121.0,48.0,CD,0.0,13.5,788400000.0,CD121-0.0,0.0,0.0
121.0,49.0,IN,0.0,23.1,788400000.0,IN121-0.0,769.4608302591888,3.0565107937433353e-19
131.0,52.0,TE,0.0,1500.0,788400000.0,TE131-0.0,5979356.338230123,2.377238228079573e-15
159.0,66.0,DY,352.77,0.000122,788400000.0,DY159-352.77,1.6966399210204965e-10,6.733214044698441e-32
150.0,59.0,PR,0.0,6.19,788400000.0,PR150-0.0,7496.8873856892,2.9815128818507627e-18
119.0,52.0,TE,0.0,57780.0,788400000.0,TE119-0.0,1.634551085446229e-05,6.4598815245262136e-27
77.0,34.0,SE,161.9224,17.36,788400000.0,SE77-161.9224,108.62519205145688,4.3156385937864003e-20
69.0,30.0,ZN,0.0,3384.0,788400000.0,ZN69-0.0,117.19510719206878,4.652766529708442e-20
145.0,58.0,CE,0.0,180.6,788400000.0,CE145-0.0,162621.7129343097,6.462376945110712e-17
125.0,52.0,TE,144.775,4959360.0,788400000.0,TE125-144.775,1418457310.5780616,5.635966303199864e-13
140.0,57.0,LA,0.0,145029.312,788400000.0,LA140-0.0,1873532886.7745337,7.452527812387993e-13
164.0,64.0,GD,1095.5,5.8e-07,788400000.0,GD164-1095.5,9.613146680324435e-07,3.8187493429958745e-28
112.0,46.0,PD,0.0,75744.0,788400000.0,PD112-0.0,32815038.889856458,1.3054307203082626e-14
122.0,49.0,IN,0.0,1.5,788400000.0,IN122-0.0,87.09004491056862,3.4605473936758365e-20
136.0,53.0,I,201.0,46.6,788400000.0,I136-201.0,500088.3550382215,1.9897007101116035e-16
141.0,56.0,BA,0.0,1096.2,788400000.0,BA141-0.0,12311521.982681341,4.89681203414604e-15
153.0,61.0,PM,0.0,315.0,788400000.0,PM153-0.0,279388.2068700552,1.1111947333548615e-16
136.0,55.0,CS,0.0,1124064.0,788400000.0,CS136-0.0,206131112.1553927,8.187752251329766e-14
106.0,43.0,TC,0.0,35.6,788400000.0,TC106-0.0,161374.024728149,6.417539112522441e-17
72.0,29.0,CU,0.0,6.63,788400000.0,CU72-0.0,2.807512596048235,1.114766758788873e-21
101.0,42.0,MO,0.0,876.6,788400000.0,MO101-0.0,12886604.507432967,5.125025714397937e-15
120.0,49.0,IN,0.0,3.08,788400000.0,IN120-0.0,27.926135553029333,1.1089063523097208e-20
172.0,69.0,TM,0.0,228960.0,788400000.0,TM172-0.0,130.5581056673799,5.1864167291007445e-20
73.0,31.0,GA,0.0,17496.0,788400000.0,GA73-0.0,17219.34012580513,6.839218029541359e-18
125.0,50.0,SN,27.5,571.2,788400000.0,SN125-27.5,163052.7132613682,6.478604151783748e-17
125.0,50.0,SN,0.0,832896.0,788400000.0,SN125-0.0,0.0,0.0
92.0,38.0,SR,0.0,9399.6,788400000.0,SR92-0.0,64769576.35477783,2.5758368935268358e-14
144.0,58.0,CE,0.0,24620000.0,788400000.0,CE144-0.0,77405354697.5314,3.077367133162054e-11
87.0,37.0,RB,0.0,1.568e+18,788400000.0,RB87-0.0,969921230834.1022,3.856328014865916e-10
94.0,41.0,NB,40.892,375.78,788400000.0,NB94-40.892,5.036726169035767,1.9998397345915315e-21
94.0,41.0,NB,0.0,640600000000.0,788400000.0,NB94-0.0,7300444.439650143,2.8986310085851107e-15
155.0,63.0,EU,0.0,150000000.0,788400000.0,EU155-0.0,8834177711.999529,3.5104277800190706e-12
137.0,56.0,BA,661.659,153.12,788400000.0,BA137-661.659,691052.0484778556,2.7479171346999576e-16
131.0,55.0,CS,0.0,837129.6,788400000.0,CS131-0.0,2.1937256187049208,8.707027041589557e-22
98.0,43.0,TC,0.0,132500000000000.0,788400000.0,TC98-0.0,172192.44681159346,6.837108081815577e-17
67.0,29.0,CU,3463.6,2.4e-09,788400000.0,CU67-3463.6,1.432454510176066e-13,5.686438419392007e-35
117.0,50.0,SN,314.58,1209600.0,788400000.0,SN117-314.58,62610376.83295418,2.4872091314653784e-14
107.0,45.0,RH,0.0,1302.0,788400000.0,RH107-0.0,2214396.08011303,8.803027085412418e-16
125.0,48.0,CD,1e-06,0.48,788400000.0,CD125-1e-06,0.13893389284327737,5.52711306111583e-23
81.0,32.0,GE,0.0,7.6,788400000.0,GE81-0.0,1057.7524930557383,4.206942606112175e-19
100.0,39.0,Y,0.0,0.732,788400000.0,Y100-0.0,1018.1610475061974,4.0521094128355974e-19
134.0,53.0,I,316.49,211.2,788400000.0,I134-316.49,3812859.086979873,1.5166855256484462e-15
110.0,42.0,MO,0.0,0.296,788400000.0,MO110-0.0,0.04002439559430245,1.5969721023939905e-23
115.0,48.0,CD,0.0,192456.0,788400000.0,CD115-0.0,10318.33294588397,4.0884600212094165e-18
113.0,43.0,TC,0.0,0.16,788400000.0,TC113-0.0,0.08220637213833694,3.2744085409544614e-23
148.0,57.0,LA,0.0,1.26,788400000.0,LA148-0.0,818.5808862895079,3.258709493197676e-19
85.0,38.0,SR,238.79,4057.8,788400000.0,SR85-238.79,0.024672083966197543,9.792668409319709e-24
85.0,38.0,SR,0.0,5602953.6,788400000.0,SR85-0.0,34.06930896046145,1.3522544632003753e-20
96.0,37.0,RB,1134.6,2e-06,788400000.0,RB96-1134.6,0.00041397760954514656,1.6478427258772238e-25
148.0,59.0,PR,76.8,120.6,788400000.0,PR148-76.8,68215.07636278003,2.7112145909513033e-17
75.0,30.0,ZN,0.0,10.2,788400000.0,ZN75-0.0,25.548602968417818,1.0152221528554085e-20
70.0,29.0,CU,101.1,33.0,788400000.0,CU70-101.1,3.457340944975182,1.372700405049189e-21
122.0,51.0,SB,163.5591,251.46,788400000.0,SB122-163.5591,26.595677948481,1.0552136877967549e-20
145.0,61.0,PM,0.0,558600000.0,788400000.0,PM145-0.0,122.49069013637708,4.859523596759008e-20
80.0,32.0,GE,0.0,29.5,788400000.0,GE80-0.0,3486.720240169133,1.3857449302212904e-18
96.0,38.0,SR,0.0,1.07,788400000.0,SR96-0.0,5868.213603573592,2.3347084201450085e-18
91.0,37.0,RB,0.0,58.2,788400000.0,RB91-0.0,306162.305002023,1.217636249106543e-16
154.0,61.0,PM,1e-06,103.8,788400000.0,PM154-1e-06,69179.23043227057,2.7522152122141397e-17
162.0,64.0,GD,0.0,504.0,788400000.0,GD162-0.0,2529.0666197823875,1.0044140439329289e-18
80.0,33.0,AS,0.0,15.2,788400000.0,AS80-0.0,2381.8983675111353,9.465572396483449e-19
151.0,60.0,ND,0.0,746.4,788400000.0,ND151-0.0,484379.4159214138,1.925398963284788e-16
144.0,61.0,PM,0.0,31360000.0,788400000.0,PM144-0.0,0.07942481022827957,3.150588429926194e-23
154.0,63.0,EU,145.3,2760.0,788400000.0,EU154-145.3,169.61592561659552,6.733064603742976e-20
154.0,63.0,EU,0.0,271400000.0,788400000.0,EU154-0.0,14491939.968827477,5.752652388658892e-15
66.0,28.0,NI,0.0,196560.0,788400000.0,NI66-0.0,175.38439791116633,6.965237399648223e-20
142.0,56.0,BA,0.0,636.0,788400000.0,BA142-0.0,6883670.366139464,2.7380048202001133e-15
76.0,31.0,GA,0.0,32.6,788400000.0,GA76-0.0,265.9911652610818,1.0567759978746886e-19
152.0,59.0,PR,0.0,3.57,788400000.0,PR152-0.0,1898.5197718314807,7.556006842992437e-19
118.0,48.0,CD,0.0,3018.0,788400000.0,CD118-0.0,63855.32436101644,2.53583467978522e-17
95.0,38.0,SR,0.0,23.9,788400000.0,SR95-0.0,179648.96049884334,7.146049315297744e-17
119.0,48.0,CD,146.54,132.0,788400000.0,CD119-146.54,13923.657746230248,5.5359627313666375e-18
119.0,49.0,IN,311.37,1080.0,788400000.0,IN119-311.37,113920.83724070626,4.529424098006322e-17
137.0,55.0,CS,0.0,949300000.0,788400000.0,CS137-0.0,4276730621479.016,1.7006138488740963e-09
147.0,58.0,CE,0.0,56.4,788400000.0,CE147-0.0,275030.8091837701,1.0940838382921036e-16
90.0,37.0,RB,0.0,158.0,788400000.0,RB90-0.0,196334.65950754387,7.804992211277695e-17
67.0,27.0,CO,0.0,0.425,788400000.0,CO67-0.0,0.0007989682570475493,3.1724728220418043e-25
109.0,44.0,RU,0.0,34.4,788400000.0,RU109-0.0,136619.5606989727,5.4383836941682654e-17
114.0,46.0,PD,0.0,145.2,788400000.0,PD114-0.0,22844.243959344436,9.08399808329395e-18
156.0,61.0,PM,150.3,5.0,788400000.0,PM156-150.3,909.3001059284825,3.617063495143036e-19
156.0,61.0,PM,0.0,26.7,788400000.0,PM156-0.0,4855.662566704537,1.9315119068224242e-18
70.0,29.0,CU,0.0,44.5,788400000.0,CU70-0.0,2.2518290189527663,8.940647322933182e-22
97.0,41.0,NB,743.35,58.7,788400000.0,NB97-743.35,200075.99566952372,7.954670720713722e-17
129.0,49.0,IN,1687.97,8.7e-06,788400000.0,IN129-1687.97,0.00041016028082414054,1.6322204834921182e-25
129.0,49.0,IN,0.0,0.611,788400000.0,IN129-0.0,28.805509377757197,1.146306569454395e-20
101.0,37.0,RB,0.0,0.032,788400000.0,RB101-0.0,5.633449437526061e-06,2.2551647303796685e-27
133.0,53.0,I,1634.148,9.0,788400000.0,I133-1634.148,115441.18126827313,4.590791496786022e-17
133.0,54.0,XE,233.221,189907.2,788400000.0,XE133-233.221,2450915433.090326,9.746545380484338e-13
121.0,52.0,TE,0.0,1656288.0000000002,788400000.0,TE121-0.0,3.9815138334072926,1.5764211387266761e-21
114.0,47.0,AG,0.0,4.6,788400000.0,AG114-0.0,726.2931628367272,2.8880767323417685e-19
88.0,40.0,ZR,2887.79,1.32e-06,788400000.0,ZR88-2887.79,2.077089809784579e-15,8.241886490639087e-37
88.0,40.0,ZR,0.0,7205760.000000001,788400000.0,ZR88-0.0,0.01133997920942279,4.499698589753269e-24
124.0,51.0,SB,10.8627,93.0,788400000.0,SB124-10.8627,21.283290479564155,8.45502014319669e-21
157.0,63.0,EU,0.0,54648.0,788400000.0,EU157-0.0,7763155.156683125,3.086427891669184e-15
129.0,52.0,TE,0.0,4176.0,788400000.0,TE129-0.0,9151098.286636623,3.639563339565432e-15
171.0,69.0,TM,0.0,60591000.0,788400000.0,TM171-0.0,43684.64975747743,1.7345704237903e-17
81.0,37.0,RB,86.31,1830.0,788400000.0,RB81-86.31,5.363116924217839e-08,2.120122157142949e-29
81.0,37.0,RB,0.0,16459.2,788400000.0,RB81-0.0,4.775133629674618e-07,1.8876833638825894e-28
124.0,51.0,SB,0.0,5201280.0,788400000.0,SB124-0.0,879748.1879219331,3.494897532910763e-16
117.0,44.0,RU,185.0,2.487e-06,788400000.0,RU117-185.0,2.7897151355714375e-07,1.112663910803332e-28
117.0,48.0,CD,136.4,12096.0,788400000.0,CD117-136.4,627446.0475512053,2.492544656048178e-16
89.0,38.0,SR,0.0,4368643.2,788400000.0,SR89-0.0,12552215221.166344,4.990323924123166e-12
160.0,65.0,TB,0.0,6246720.0,788400000.0,TB160-0.0,163149.58441925002,6.478878319386641e-17
146.0,58.0,CE,0.0,809.4,788400000.0,CE146-0.0,4980444.936867373,1.9811225934098908e-15
99.0,40.0,ZR,0.0,2.1,788400000.0,ZR99-0.0,28766.58667036358,1.1442267628660939e-17
77.0,32.0,GE,159.71,53.7,788400000.0,GE77-159.71,328.76964040878283,1.306200720907746e-19
170.0,67.0,HO,0.0,165.6,788400000.0,HO170-0.0,0.7321581237101041,2.907587050859148e-22
80.0,35.0,BR,0.0,1060.8,788400000.0,BR80-0.0,4.65533954004079,1.848208003984891e-21
115.0,47.0,AG,41.1,18.0,788400000.0,AG115-41.1,89.48281087115876,3.5524894295341117e-20
127.0,49.0,IN,1863.0,1.04,788400000.0,IN127-1863.0,110.0461584215976,4.377607383115417e-20
78.0,30.0,ZN,0.0,1.47,788400000.0,ZN78-0.0,3.8406147151779293,1.5278703138488125e-21
157.0,64.0,GD,426.538,1.85e-05,788400000.0,GD157-426.538,0.0026297371254245324,1.0455138886608105e-24
99.0,39.0,Y,2141.7,8.6e-06,788400000.0,Y99-2141.7,0.032948428673661385,1.3110404280658776e-23
99.0,39.0,Y,0.0,1.484,788400000.0,Y99-0.0,5685.519552591656,2.2623069712472302e-18
131.0,49.0,IN,0.0,0.28,788400000.0,IN131-0.0,10.798436891112933,4.299597536621627e-21
82.0,35.0,BR,45.9492,367.8,788400000.0,BR82-45.9492,585.6819329274846,2.3258877476731996e-19
87.0,38.0,SR,388.533,10134.0,788400000.0,SR87-388.533,184.51255702047223,7.325333310710612e-20
128.0,51.0,SB,1e-06,624.0,788400000.0,SB128-1e-06,1197513.8599401487,4.761934083969529e-16
114.0,49.0,IN,501.948,0.0431,788400000.0,IN114-501.948,2.5253103721025008e-08,9.98245668658655e-30
134.0,54.0,XE,1965.5,0.29,788400000.0,XE134-1965.5,5348.159785183493,2.1273451157354734e-18
118.0,51.0,SB,0.0,216.0,788400000.0,SB118-0.0,2.5002811653045764e-05,9.88763635392089e-27
147.0,61.0,PM,0.0,82790000.0,788400000.0,PM147-0.0,421987509529.7829,1.6785881042705246e-10
133.0,54.0,XE,0.0,453383.1,788400000.0,XE133-0.0,5851316052.194108,2.3268904523712023e-12
126.0,49.0,IN,0.0,1.53,788400000.0,IN126-0.0,131.17154161078804,5.216078526941888e-20
98.0,38.0,SR,0.0,0.653,788400000.0,SR98-0.0,594.4443364908942,2.3661965295347054e-19
93.0,37.0,RB,0.0,5.84,788400000.0,RB93-0.0,24858.179087879882,9.889266323225712e-18
112.0,44.0,RU,0.0,1.75,788400000.0,RU112-0.0,652.4489944353637,2.5958659316075663e-19
122.0,47.0,AG,0.0,0.529,788400000.0,AG122-0.0,1.029350529475788,4.097132694496282e-22
136.0,53.0,I,0.0,83.4,788400000.0,I136-0.0,0.0,0.0
79.0,32.0,GE,0.0,18.98,788400000.0,GE79-0.0,1188.2158907126377,4.719997186860778e-19
108.0,45.0,RH,0.0,16.8,788400000.0,RH108-0.0,1752.7362244762774,6.966742664487338e-19
101.0,40.0,ZR,0.0,2.3,788400000.0,ZR101-0.0,16424.03337037123,6.5341313348160784e-18
138.0,58.0,CE,2129.7,0.00873,788400000.0,CE138-2129.7,7.367167951525195e-08,2.924020450878676e-29
73.0,29.0,CU,0.0,4.2,788400000.0,CU73-0.0,1.5442685203257809,6.134327983406728e-22
139.0,55.0,CS,0.0,556.2,788400000.0,CS139-0.0,2778505.999687083,1.1048242453584498e-15
130.0,49.0,IN,0.0,0.29,788400000.0,IN130-0.0,39.766283677354025,1.582586456410172e-20
84.0,35.0,BR,320.0,360.0,788400000.0,BR84-320.0,383007.707874319,1.5229936613986217e-16
84.0,35.0,BR,0.0,1905.6,788400000.0,BR84-0.0,0.0,0.0
113.0,48.0,CD,263.7,445000000.0,788400000.0,CD113-263.7,474702294.24316925,1.8823628359755977e-13
113.0,48.0,CD,0.0,2.537e+23,788400000.0,CD113-0.0,81943.05183155154,3.249135525021307e-17
148.0,61.0,PM,0.0,463795.2,788400000.0,PM148-0.0,9412.787000256329,3.735885433467432e-18
126.0,51.0,SB,17.7,1149.0,788400000.0,SB126-17.7,6297.114628529246,2.5019049309784972e-18
126.0,51.0,SB,0.0,1067040.0,788400000.0,SB126-0.0,1018000.8376940194,4.044616331830662e-16
162.0,67.0,HO,0.0,900.0,788400000.0,HO162-0.0,0.0005287804255933743,2.0984325619092347e-25
98.0,39.0,Y,465.7,2.32,788400000.0,Y98-465.7,2111.9615018158106,8.406701299582495e-19
98.0,40.0,ZR,0.0,30.7,788400000.0,ZR98-0.0,300574.21041378437,1.1955033832680127e-16
141.0,57.0,LA,0.0,14112.0,788400000.0,LA141-0.0,159588811.38204378,6.347454970927069e-14
142.0,59.0,PR,0.0,68832.0,788400000.0,PR142-0.0,105.67396229973811,4.194446456637582e-20
107.0,46.0,PD,214.6,21.3,788400000.0,PD107-214.6,35977.23742357543,1.4302255489761273e-17
123.0,52.0,TE,247.5,10299000.0,788400000.0,TE123-247.5,33531.243310016514,1.3311021940295469e-17
123.0,52.0,TE,0.0,2.903e+24,788400000.0,TE123-0.0,1746584.2159896535,6.933482379124295e-16
137.0,58.0,CE,0.0,32400.0,788400000.0,CE137-0.0,0.002706409635764142,1.0740787991166233e-24
121.0,47.0,AG,0.0,0.78,788400000.0,AG121-0.0,7.5098680613360385,2.988151777369315e-21
74.0,29.0,CU,0.0,1.63,788400000.0,CU74-0.0,0.6003380967094674,2.384559817756352e-22
82.0,33.0,AS,131.6,13.6,788400000.0,AS82-131.6,2938.868617625569,1.1681754492382757e-18
150.0,57.0,LA,0.0,0.59,788400000.0,LA150-0.0,17.159724405801896,6.835905134418776e-21
116.0,46.0,PD,0.0,11.8,788400000.0,PD116-0.0,1400.4875280393312,5.570363908247677e-19
102.0,42.0,MO,0.0,678.0,788400000.0,MO102-0.0,10679218.244129857,4.247356139630689e-15
102.0,43.0,TC,1e-06,261.0,788400000.0,TC102-1e-06,4111026.5000434685,1.6350441807577741e-15
135.0,52.0,TE,1555.3,5.11e-07,788400000.0,TE135-1555.3,0.0033385102848518945,1.3285787488531669e-24
69.0,28.0,NI,0.0,11.4,788400000.0,NI69-0.0,0.30655847596173624,1.2170984154603426e-22
145.0,56.0,BA,0.0,4.31,788400000.0,BA145-0.0,11232.515561889444,4.470557998939782e-18
97.0,41.0,NB,0.0,4326.0,788400000.0,NB97-0.0,14744953.73583026,5.86233502721782e-15
144.0,59.0,PR,59.03,432.0,788400000.0,PR144-59.03,1358551.6804830972,5.401126210578785e-16
144.0,59.0,PR,0.0,1036.8,788400000.0,PR144-0.0,3258665.5625602296,1.2955314276166559e-15
129.0,54.0,XE,236.14,767232.0000000001,788400000.0,XE129-236.14,0.1334713771749554,5.275168403337616e-23
140.0,55.0,CS,0.0,63.7,788400000.0,CS140-0.0,723363.2107263776,2.8777384861189603e-16
159.0,62.0,SM,0.0,11.37,788400000.0,SM159-0.0,730.0594083497824,2.9050709317731974e-19
77.0,33.0,AS,475.48,0.000114,788400000.0,AS77-475.48,0.0007135213151559381,2.8347938455287636e-25
77.0,33.0,AS,0.0,139644.0,788400000.0,AS77-0.0,874027.3567507516,3.472478407963101e-16
83.0,34.0,SE,228.92,70.1,788400000.0,SE83-228.92,22205.6901835308,8.827443519169937e-18
134.0,56.0,BA,2957.2,2.63e-06,788400000.0,BA134-2957.2,6.783758607549662e-10,2.6926998085308307e-31
125.0,48.0,CD,0.0,0.68,788400000.0,CD125-0.0,0.0008069743609378352,3.210331503023849e-25
134.0,53.0,I,0.0,3150.0,788400000.0,I134-0.0,55559965.65369909,2.210073695045682e-14
80.0,30.0,ZN,0.0,0.54,788400000.0,ZN80-0.0,0.09904054908657405,3.9389392309899166e-23
101.0,44.0,RU,527.3,1.75e-05,788400000.0,RU101-527.3,0.2571752506525948,1.0227900881657523e-22
97.0,43.0,TC,96.5,7862400.0,788400000.0,TC97-96.5,45.056144746102866,1.7886902475194623e-20
97.0,43.0,TC,0.0,132900000000000.0,788400000.0,TC97-0.0,3094.476608779431,1.2284689250284143e-18
79.0,33.0,AS,0.0,540.6,788400000.0,AS79-0.0,50072.986115458756,1.9891215799198106e-17
155.0,64.0,GD,121.05,0.032,788400000.0,GD155-121.05,1.8846455671732194,7.488995896196269e-22
98.0,41.0,NB,0.0,2.86,788400000.0,NB98-0.0,903.7479101958473,3.592158085613612e-19
166.0,64.0,GD,1601.5,9.5e-07,788400000.0,GD166-1601.5,1.5837437651815501e-07,6.291413736398261e-29
144.0,57.0,LA,0.0,40.8,788400000.0,LA144-0.0,117001.77476103671,4.651876098792369e-17
87.0,36.0,KR,0.0,4578.0,788400000.0,KR87-0.0,8061446.7472325405,3.2051979370681078e-15
158.0,65.0,TB,388.4,0.0004,788400000.0,TB158-388.4,1.7614910615340562e-07,6.991517029036675e-29
158.0,65.0,TB,0.0,5680000000.0,788400000.0,TB158-0.0,230499.8893467687,9.148586774615507e-17
82.0,35.0,BR,0.0,127015.2,788400000.0,BR82-0.0,197437.93193825588,7.840748352705277e-17
68.0,31.0,GA,0.0,4062.6,788400000.0,GA68-0.0,1.1458593946775668e-05,4.547323975739718e-27
158.0,63.0,EU,0.0,2754.0,788400000.0,EU158-0.0,50916.373640228936,2.023566147730234e-17
168.0,66.0,DY,0.0,522.0,788400000.0,DY168-0.0,37.08200326234488,1.472556497484012e-20
153.0,62.0,SM,0.0,166622.4,788400000.0,SM153-0.0,148619325.4942534,5.910898956575914e-14
129.0,51.0,SB,1851.29,1062.0,788400000.0,SB129-1851.29,3634002.922952837,1.4453133548505523e-15
129.0,52.0,TE,105.51,2903040.0,788400000.0,TE129-105.51,9923108056.83261,3.946612216196163e-12
106.0,44.0,RU,0.0,32120000.0,788400000.0,RU106-0.0,166822009717.4652,6.63352807602977e-11
83.0,34.0,SE,0.0,1335.0,788400000.0,SE83-0.0,0.0,0.0
91.0,39.0,Y,555.58,2982.6,788400000.0,Y91-555.58,16629004.878878878,6.61306210622583e-15
125.0,51.0,SB,0.0,87050000.0,788400000.0,SB125-0.0,24932372811.73407,9.906397352454608e-12
78.0,33.0,AS,0.0,5442.0,788400000.0,AS78-0.0,267348.055591128,1.0629814757610392e-16
147.0,56.0,BA,0.0,0.894,788400000.0,BA147-0.0,155.28027367453942,6.184555007326131e-20
149.0,60.0,ND,0.0,6220.8,788400000.0,ND149-0.0,595732.4117824456,2.3664894392375904e-16
92.0,39.0,Y,0.0,12744.0,788400000.0,Y92-0.0,88209516.22353074,3.50800792836114e-14
85.0,34.0,SE,0.0,32.9,788400000.0,SE85-0.0,28579.873243880396,1.1366326477677949e-17
167.0,68.0,ER,207.801,2.269,788400000.0,ER167-207.801,0.3911983120850112,1.5530348838202293e-22
128.0,48.0,CD,0.0,0.28,788400000.0,CD128-0.0,0.0022979226672619,9.154548939610035e-25
98.0,40.0,ZR,6603.7,1.9e-06,788400000.0,ZR98-6603.7,0.01362160191575757,5.417116672091878e-24
121.0,49.0,IN,313.6,232.8,788400000.0,IN121-313.6,19017.839148542604,7.561039319948051e-18
121.0,50.0,SN,0.0,97308.0,788400000.0,SN121-0.0,3006183.0717116683,1.1947610708972002e-15
116.0,49.0,IN,0.0,14.1,788400000.0,IN116-0.0,0.01626352677052766,6.436513895856211e-24
74.0,31.0,GA,59.7,9.5,788400000.0,GA74-59.7,2.9433599550213883,1.168697047067422e-21
74.0,31.0,GA,0.0,487.2,788400000.0,GA74-0.0,150.9478920668956,5.993570559307295e-20
168.0,69.0,TM,0.0,8043839.1,788400000.0,TM168-0.0,0.7667933103150782,3.0431647243882857e-22
145.0,59.0,PR,0.0,21542.4,788400000.0,PR145-0.0,18658155.826092694,7.41445278225394e-15
79.0,34.0,SE,95.73,235.2,788400000.0,SE79-95.73,21831.598660526393,8.672469647229979e-18
79.0,34.0,SE,0.0,10288000000000.0,788400000.0,SE79-0.0,50860993899.23335,2.020413307722746e-11
83.0,37.0,RB,0.0,7447680.0,788400000.0,RB83-0.0,124.06154043479306,4.924683101574441e-20
93.0,40.0,ZR,0.0,50808000000000.0,788400000.0,ZR93-0.0,4660717939484.829,1.8535453713203357e-09
169.0,68.0,ER,0.0,811468.8,788400000.0,ER169-0.0,355.0971135495616,1.409672961829425e-19
135.0,57.0,LA,0.0,70200.0,788400000.0,LA135-0.0,0.032655791743708994,1.296066444086329e-23
112.0,47.0,AG,0.0,11268.0,788400000.0,AG112-0.0,4881711.575283396,1.9420169593490818e-15
138.0,53.0,I,0.0,6.26,788400000.0,I138-0.0,16343.078616919798,6.501730319758697e-18
164.0,67.0,HO,0.0,1728.0,788400000.0,HO164-0.0,0.18071549889048039,7.172222384101638e-23
107.0,46.0,PD,0.0,205120000000000.0,788400000.0,PD107-0.0,925016350196.1556,3.67726377852843e-10
123.0,49.0,IN,2078.1,1.4e-06,788400000.0,IN123-2078.1,0.00014274236738018672,5.675463216394894e-26
123.0,49.0,IN,0.0,6.15,788400000.0,IN123-0.0,627.0468281720573,2.493149913065979e-19
143.0,55.0,CS,0.0,1.791,788400000.0,CS143-0.0,3299.439181167464,1.3132855362944698e-18
72.0,30.0,ZN,0.0,167400.0,788400000.0,ZN72-0.0,112599.68690239452,4.470695696962873e-17
101.0,43.0,TC,0.0,852.0,788400000.0,TC101-0.0,12520758.514288146,4.979525703273429e-15
146.0,56.0,BA,0.0,2.21,788400000.0,BA146-0.0,2055.056383708896,8.182099765577747e-19
110.0,43.0,TC,0.0,0.9,788400000.0,TC110-0.0,230.41737809686228,9.179003918812383e-20
163.0,67.0,HO,297.88,1.09,788400000.0,HO163-297.88,1.1559270537336574e-05,4.587492097107882e-27
129.0,50.0,SN,0.0,133.8,788400000.0,SN129-0.0,362601.5201267944,1.442317576905192e-16
99.0,38.0,SR,0.0,0.269,788400000.0,SR99-0.0,47.29386343229553,1.88280517471701e-20
159.0,64.0,GD,67.829,2.62e-08,788400000.0,GD159-67.829,2.4833410567785536e-06,9.878860267993992e-28
159.0,64.0,GD,0.0,66524.4,788400000.0,GD159-0.0,6305452.5852467595,2.5083419299812224e-15
95.0,41.0,NB,234.7,311904.0,788400000.0,NB95-234.7,3336884648.16513,1.3271616678528216e-12
128.0,50.0,SN,2091.5,6.5,788400000.0,SN128-2091.5,11449.64160891877,4.553178396331056e-18
131.0,53.0,I,0.0,693377.28,788400000.0,I131-0.0,4703863607.181244,1.870320997716885e-12
120.0,48.0,CD,0.0,50.8,788400000.0,CD120-0.0,3630.675581481861,1.443016069738305e-18
172.0,68.0,ER,0.0,177480.0,788400000.0,ER172-0.0,97.80351552764655,3.885307733563505e-20
115.0,47.0,AG,0.0,1200.0,788400000.0,AG115-0.0,5965.520973220324,2.3683263846030626e-18
121.0,50.0,SN,6.3,1385000000.0,788400000.0,SN121-6.3,51409630923.26649,2.0433976061025258e-11
68.0,29.0,CU,0.0,30.9,788400000.0,CU68-0.0,0.02006708747202367,7.966417424235104e-24
95.0,41.0,NB,0.0,3023222.4,788400000.0,NB95-0.0,30510052988.649086,1.213460332168354e-11
139.0,56.0,BA,0.0,4975.8,788400000.0,BA139-0.0,26956960.018528454,1.0718436993956552e-14
94.0,39.0,Y,1202.3,1.35e-06,788400000.0,Y94-1202.3,0.010876004372721276,4.3249715250594145e-24
135.0,56.0,BA,268.218,103320.0,788400000.0,BA135-268.218,1671.0592262786195,6.633817111843913e-19
114.0,49.0,IN,190.2682,4277664.0,788400000.0,IN114-190.2682,2.510038747996617,9.92208531350959e-22
114.0,49.0,IN,0.0,71.9,788400000.0,IN114-0.0,4.2189332874628664e-05,1.6677278804319294e-26
136.0,56.0,BA,2030.535,0.308,788400000.0,BA136-2030.535,56.67357217706295,2.2511326072111536e-20
116.0,47.0,AG,128.8,9.3,788400000.0,AG116-128.8,1244.8858075761461,4.950697047935849e-19
118.0,46.0,PD,0.0,1.9,788400000.0,PD118-0.0,80.37825760274981,3.198725698471572e-20
115.0,49.0,IN,336.244,16149.6,788400000.0,IN115-336.244,80373.55057539791,3.1907818269123786e-17
115.0,49.0,IN,0.0,1.392e+22,788400000.0,IN115-0.0,2728959373.78564,1.083335553433857e-12
79.0,36.0,KR,0.0,126144.0,788400000.0,KR79-0.0,0.0010656030149565738,4.228698239088004e-25
117.0,49.0,IN,0.0,2592.0,788400000.0,IN117-0.0,134162.9965363805,5.3296508193653244e-17
121.0,53.0,I,0.0,7632.0,788400000.0,I121-0.0,2.624008206568354e-07,1.0370298172227847e-28
146.0,62.0,SM,0.0,3250000000000000.0,788400000.0,SM146-0.0,0.022349368993390756,8.832656080969784e-24
68.0,28.0,NI,2849.1,0.00086,788400000.0,NI68-2849.1,8.754691051891442e-06,3.476089739354838e-27
122.0,51.0,SB,0.0,235336.32,788400000.0,SB122-0.0,24890.64518110905,9.875645358948278e-18
98.0,41.0,NB,84.0,3066.0,788400000.0,NB98-84.0,30018258.93010424,1.1939457500373533e-14
155.0,62.0,SM,0.0,1330.8,788400000.0,SM155-0.0,79559.27198500525,3.161476754308221e-17
141.0,58.0,CE,0.0,2808950.4,788400000.0,CE141-0.0,31764511197.566685,1.263395514239726e-11
132.0,54.0,XE,2752.16,0.00839,788400000.0,XE132-2752.16,6.8290462063524275,2.7150043875451303e-21
106.0,45.0,RH,0.0,30.07,788400000.0,RH106-0.0,156266.08466951584,6.213776257619394e-17
97.0,39.0,Y,3522.6,0.142,788400000.0,Y97-3522.6,1028.8040414132463,4.092057058771494e-19
117.0,51.0,SB,0.0,10080.0,788400000.0,SB117-0.0,1.5836815386469443e-05,6.2588408544268695e-27
139.0,59.0,PR,0.0,15876.0,788400000.0,PR139-0.0,6.361240864267138e-05,2.5239198217248453e-26
81.0,36.0,KR,190.64,13.1,788400000.0,KR81-190.64,0.000866097630576343,3.4384938001127585e-25
88.0,39.0,Y,392.86,0.000301,788400000.0,Y88-392.86,2.481979157212449e-08,9.852071950972122e-30
96.0,39.0,Y,0.0,5.34,788400000.0,Y96-0.0,27582.116840038467,1.096828048909963e-17
113.0,47.0,AG,43.2,68.7,788400000.0,AG113-43.2,100.42882313553068,3.9827749233281816e-20
73.0,33.0,AS,0.0,6937920.0,788400000.0,AS73-0.0,0.7690156260640314,3.0524326813414515e-22
163.0,65.0,TB,0.0,1170.0,788400000.0,TB163-0.0,687.4408594875015,2.729655869912916e-19
149.0,61.0,PM,0.0,191088.0,788400000.0,PM149-0.0,18365287.179590575,7.295414822997856e-15
86.0,37.0,RB,556.07,61.02,788400000.0,RB86-556.07,40.89779318407474,1.6240954957961364e-20
102.0,43.0,TC,0.0,5.28,788400000.0,TC102-0.0,1572.3681333278018,6.252483098685754e-19
106.0,47.0,AG,0.0,1437.6,788400000.0,AG106-0.0,3.805297290563652e-05,1.5100835937387154e-26
117.0,46.0,PD,203.2,0.0191,788400000.0,PD117-203.2,1.4920022412810943,5.933712072052571e-22
87.0,39.0,Y,0.0,287280.0,788400000.0,Y87-0.0,0.3173478621192786,1.2595212523034676e-22
111.0,46.0,PD,0.0,1404.0,788400000.0,PD111-0.0,63.957210596943646,2.5411835053864645e-20
109.0,43.0,TC,0.0,0.91,788400000.0,TC109-0.0,950.417565217518,3.7852523527355377e-19
130.0,53.0,I,0.0,44496.0,788400000.0,I130-0.0,139393.26331516012,5.5335385392069603e-17
100.0,38.0,SR,0.0,0.2,788400000.0,SR100-0.0,5.296300858742317,2.10894426730277e-21
104.0,42.0,MO,0.0,60.0,788400000.0,MO104-0.0,626951.0706520621,2.4932634977495743e-16
76.0,30.0,ZN,0.0,5.7,788400000.0,ZN76-0.0,21.80462445868459,8.664163162910693e-21
149.0,63.0,EU,0.0,8043839.1,788400000.0,EU149-0.0,0.011348907918321705,4.501191550858746e-24
156.0,62.0,SM,0.0,33840.0,788400000.0,SM156-0.0,9793088.952801954,3.894167705850105e-15
105.0,45.0,RH,129.782,42.8,788400000.0,RH105-129.782,5831.2954150886035,2.316458535123786e-18
105.0,45.0,RH,0.0,127227.6,788400000.0,RH105-0.0,17334166.693749167,6.88592764431936e-15
133.0,52.0,TE,0.0,750.0,788400000.0,TE133-0.0,7999394.655674383,3.1816913408765373e-15
102.0,45.0,RH,0.0,17910000.0,788400000.0,RH102-0.0,75.20662818085763,2.985266423511155e-20
147.0,57.0,LA,0.0,4.06,788400000.0,LA147-0.0,8260.462099776614,3.287602509807779e-18
128.0,51.0,SB,0.0,32580.000000000004,788400000.0,SB128-0.0,62524054.37304378,2.4862795787213968e-14
71.0,30.0,ZN,0.0,147.0,788400000.0,ZN71-0.0,5.180205370851019,2.056311439548873e-21
91.0,41.0,NB,2034.42,3.76e-06,788400000.0,NB91-2034.42,1.3000555051049327e-13,5.158995383599093e-35
91.0,41.0,NB,0.0,21460000000.0,788400000.0,NB91-0.0,0.20205463921966146,8.018019496142707e-23
81.0,33.0,AS,0.0,33.3,788400000.0,AS81-0.0,9370.983073989526,3.726250484813916e-18
100.0,40.0,ZR,0.0,7.1,788400000.0,ZR100-0.0,89078.82114830939,3.5437264422256486e-17
72.0,28.0,NI,0.0,1.57,788400000.0,NI72-0.0,0.13827500893211234,5.49101950950369e-23
113.0,46.0,PD,81.3,0.3,788400000.0,PD113-81.3,0.43532766518592475,1.7264656322717005e-22
113.0,46.0,PD,0.0,93.0,788400000.0,PD113-0.0,134.95157790882408,5.3520435272802885e-20
152.0,60.0,ND,0.0,684.0,788400000.0,ND152-0.0,996071.5226196469,3.9621740215768617e-16
95.0,39.0,Y,0.0,618.0,788400000.0,Y95-0.0,6510665.164051702,2.5894853669798293e-15
112.0,45.0,RH,2e-06,6.76,788400000.0,RH112-2e-06,3248.0425378620052,1.292122991260902e-18
117.0,47.0,AG,28.6,5.34,788400000.0,AG117-28.6,254.36616834882943,1.0105699299337367e-19
93.0,42.0,MO,2424.97,24660.0,788400000.0,MO93-2424.97,0.0001545327693743083,6.132424204952949e-26
105.0,46.0,PD,489.2,3.55e-05,788400000.0,PD105-489.2,1.4252428734285264e-09,5.656963998338584e-31
124.0,49.0,IN,0.0,3.12,788400000.0,IN124-0.0,321.268139349827,1.2771771512003868e-19
67.0,28.0,NI,0.0,21.0,788400000.0,NI67-0.0,0.07125465272817721,2.8291711129893945e-23
119.0,48.0,CD,0.0,161.4,788400000.0,CD119-0.0,0.0,0.0
115.0,48.0,CD,181.0,3849984.0,788400000.0,CD115-181.0,18960013.828999426,7.527167689550525e-15
89.0,36.0,KR,0.0,189.0,788400000.0,KR89-0.0,459255.5977424387,1.8260549170777164e-16
70.0,28.0,NI,0.0,6.0,788400000.0,NI70-0.0,0.39570254040667485,1.571163465801472e-22
121.0,52.0,TE,293.991,14190000.0,788400000.0,TE121-293.991,4.7019337182666775e-05,1.8582432220456258e-26
80.0,31.0,GA,0.0,1.676,788400000.0,GA80-0.0,19.231089429231083,7.645496497378843e-21
125.0,49.0,IN,360.12,12.2,788400000.0,IN125-360.12,1162.3439367121002,4.619522867300591e-19
160.0,63.0,EU,0.0,42.6,788400000.0,EU160-0.0,868.3396235858129,3.454090388447765e-19
99.0,41.0,NB,365.27,150.0,788400000.0,NB99-365.27,2054756.1930053188,8.173048315183989e-16
132.0,52.0,TE,0.0,276825.6,788400000.0,TE132-0.0,1714639483.5803668,6.817064975039702e-13
115.0,50.0,SN,713.64,0.000159,788400000.0,SN115-713.64,1.0967936550538905e-12,4.334619536572006e-34
117.0,47.0,AG,0.0,72.8,788400000.0,AG117-0.0,438.32530591202044,1.7414201603863426e-19
127.0,51.0,SB,0.0,332640.0,788400000.0,SB127-0.0,346256096.12376094,1.3767486061360872e-13
127.0,52.0,TE,88.26,9167040.0,788400000.0,TE127-88.26,9541895123.640127,3.793951951991451e-12
85.0,36.0,KR,304.86,16128.000000000002,788400000.0,KR85-304.86,284280.46552616364,1.1292807694455344e-16
85.0,36.0,KR,0.0,338900000.0,788400000.0,KR85-0.0,1014411075.6852901,4.0296388150627655e-13
74.0,33.0,AS,0.0,1535328.0,788400000.0,AS74-0.0,10.465729147314413,4.154162335567997e-21
150.0,61.0,PM,0.0,9712.8,788400000.0,PM150-0.0,29999.87868386601,1.1911698914425192e-17
143.0,56.0,BA,0.0,14.5,788400000.0,BA143-0.0,131067.3347951058,5.214110300472113e-17
152.0,61.0,PM,150.0,451.2,788400000.0,PM152-150.0,657057.7084331531,2.6136446268153554e-16
91.0,41.0,NB,104.6,5258304.0,788400000.0,NB91-104.6,0.0019818509558400107,7.864554854562314e-25
67.0,29.0,CU,0.0,222588.0,788400000.0,CU67-0.0,768.4695425257245,3.05120333654858e-19
88.0,39.0,Y,0.0,9212572.8,788400000.0,Y88-0.0,759.751255733352,3.0157871004430923e-19
119.0,49.0,IN,0.0,144.0,788400000.0,IN119-0.0,1054.395848091514,4.190067546374676e-19
72.0,31.0,GA,0.0,50760.0,788400000.0,GA72-0.0,34468.540022713285,1.3685475085888217e-17
110.0,44.0,RU,0.0,12.04,788400000.0,RU110-0.0,30938.983767441,1.2317327438174402e-17
148.0,59.0,PR,0.0,137.4,788400000.0,PR148-0.0,77717.67416209544,3.0888962293569014e-17
127.0,50.0,SN,1826.67,4.52e-06,788400000.0,SN127-1826.67,0.004528384251039427,1.800568208306438e-24
127.0,50.0,SN,5.06,247.8,788400000.0,SN127-5.06,248259.65027202657,9.871256697830954e-17
127.0,50.0,SN,0.0,7560.0,788400000.0,SN127-0.0,30296.094415308657,1.2046279956107124e-17
84.0,37.0,RB,463.59,1215.6,788400000.0,RB84-463.59,1.0882772941492258,4.320330956775581e-22
84.0,37.0,RB,0.0,2835648.0,788400000.0,RB84-0.0,2538.723668283791,1.0078428702020003e-18
91.0,38.0,SR,0.0,34740.0,788400000.0,SR91-0.0,195845558.0773109,7.78843794426107e-14
167.0,66.0,DY,0.0,372.0,788400000.0,DY167-0.0,61.966637356602284,2.4600667832865613e-20
129.0,51.0,SB,0.0,15717.6,788400000.0,SB129-0.0,14521477.175686497,5.775472760216065e-15
143.0,58.0,CE,0.0,118940.4,788400000.0,CE143-0.0,5322362.682701551,2.114131373262892e-15
234.0,92.0,U,0.0,7747000000000.0,788400000.0,U234-0.0,6.745174782470429e+20,0.2665749045407526
110.0,47.0,AG,0.0,24.56,788400000.0,AG110-0.0,0.00019205059478603656,7.685671123771376e-26
139.0,58.0,CE,0.0,11890000.0,788400000.0,CE139-0.0,5090.922235608303,2.02084899149724e-18
93.0,42.0,MO,0.0,126200000000.0,788400000.0,MO93-0.0,3.425171464896817,1.3592215330340445e-21
128.0,50.0,SN,0.0,3544.2,788400000.0,SN128-0.0,6243049.347009399,2.482673116264367e-15
94.0,39.0,Y,0.0,1122.0,788400000.0,Y94-0.0,9039168.155187158,3.5945319200859615e-15
128.0,53.0,I,0.0,1499.4,788400000.0,I128-0.0,0.03800726988927913,1.5083901003844358e-23
111.0,48.0,CD,396.22,2912.4,788400000.0,CD111-396.22,132.46299679540834,5.263093178774111e-20
116.0,47.0,AG,47.9,20.0,788400000.0,AG116-47.9,0.0,0.0
116.0,47.0,AG,0.0,237.0,788400000.0,AG116-0.0,0.0,0.0
86.0,37.0,RB,0.0,1610668.8,788400000.0,RB86-0.0,1079546.7901876783,4.2869965130628494e-16
162.0,65.0,TB,0.0,456.0,788400000.0,TB162-0.0,2424.268366686253,9.62771752144048e-19
105.0,44.0,RU,0.0,15980.4,788400000.0,RU105-0.0,2173399.245236421,8.63374900538166e-16
111.0,47.0,AG,59.85,64.8,788400000.0,AG111-59.85,2.947267140526621,1.171024593144528e-21
77.0,32.0,GE,0.0,40359.6,788400000.0,GE77-0.0,46913.51108792714,1.8638722799028913e-17
127.0,52.0,TE,0.0,33660.0,788400000.0,TE127-0.0,34190335.066102885,1.3594415607983648e-14
90.0,39.0,Y,682.01,11484.0,788400000.0,Y90-682.01,1528.0512278785654,6.067497446329265e-19
75.0,32.0,GE,139.68,47.7,788400000.0,GE75-139.68,4.376817449780433,1.7382001630817993e-21
129.0,53.0,I,0.0,495500000000000.0,788400000.0,I129-0.0,1862364207181.7864,7.406966697638838e-10
99.0,41.0,NB,0.0,15.0,788400000.0,NB99-0.0,25111.300750653827,9.983041323172102e-18
100.0,41.0,NB,314.0,2.99,788400000.0,NB100-314.0,37513.47538580463,1.4923580369695627e-17
120.0,51.0,SB,0.0,953.4,788400000.0,SB120-0.0,0.1931873002031552,7.652396072234473e-23
151.0,61.0,PM,0.0,102240.0,788400000.0,PM151-0.0,67694166.60274291,2.6907666235337923e-14
109.0,46.0,PD,188.9,282.18,788400000.0,PD109-188.9,1086701.9788522804,4.3257789546916527e-16
90.0,36.0,KR,0.0,32.32,788400000.0,KR90-0.0,105399.31962107102,4.192201472726713e-17
90.0,37.0,RB,106.9,258.0,788400000.0,RB90-106.9,841368.3328578757,3.3464974696041186e-16
133.0,50.0,SN,0.0,1.46,788400000.0,SN133-0.0,246.0576245005551,9.798958486532721e-20
107.0,47.0,AG,93.125,44.3,788400000.0,AG107-93.125,0.00011041527440447913,4.3822615089417943e-26
113.0,47.0,AG,0.0,19332.0,788400000.0,AG113-0.0,18293.010591537575,7.254584981499552e-18
123.0,50.0,SN,0.0,11160000.0,788400000.0,SN123-0.0,548334.824419683,2.1796754489874785e-16
96.0,41.0,NB,0.0,84060.0,788400000.0,NB96-0.0,439217.19898128713,1.7448265733069947e-16
66.0,29.0,CU,0.0,307.2,788400000.0,CU66-0.0,0.27492959598961736,1.0918577018174524e-22
89.0,40.0,ZR,587.8,249.66,788400000.0,ZR89-587.8,6.969971066966072e-05,2.7662614540603773e-26
89.0,40.0,ZR,0.0,282276.0,788400000.0,ZR89-0.0,0.07759993806092257,3.0798078321527026e-23
142.0,57.0,LA,0.0,5466.0,788400000.0,LA142-0.0,60157163.66693385,2.3926758264541e-14
118.0,49.0,IN,0.0,5.0,788400000.0,IN118-0.0,1.5246958232841994,6.048154282529603e-22
113.0,44.0,RU,120.0,0.51,788400000.0,RU113-120.0,80.76442671447806,3.213294296188208e-20
92.0,41.0,NB,135.5,876960.0,788400000.0,NB92-135.5,3.577624669355921,1.4200477868668518e-21
147.0,59.0,PR,0.0,806.4,788400000.0,PR147-0.0,4126791.39775805,1.6415639947473439e-15
90.0,38.0,SR,0.0,912300000.0,788400000.0,SR90-0.0,1844314805144.0454,7.33442776280728e-10
142.0,55.0,CS,0.0,1.684,788400000.0,CS142-0.0,6444.181691916643,2.5642858567865703e-18
96.0,39.0,Y,1140.0,9.6,788400000.0,Y96-1140.0,52370.35129949191,2.0835898009984655e-17
166.0,66.0,DY,0.0,293760.0,788400000.0,DY166-0.0,66257.07300243159,2.6301622803762596e-17
132.0,55.0,CS,0.0,559872.0,788400000.0,CS132-0.0,180.9882724780046,7.184242721235727e-20
109.0,45.0,RH,0.0,80.8,788400000.0,RH109-0.0,311168.13604331395,1.2386510666833705e-16
155.0,65.0,TB,0.0,459648.0,788400000.0,TB155-0.0,0.010325208801882382,4.0967273461982775e-24
161.0,65.0,TB,0.0,595296.0,788400000.0,TB161-0.0,3200207.3649579464,1.272030941383732e-15
138.0,55.0,CS,79.9,174.6,788400000.0,CS138-79.9,2664558.8822793528,1.0598985552746676e-15
138.0,55.0,CS,0.0,1950.0,788400000.0,CS138-0.0,24045126.207973167,9.564582977766674e-15
82.0,34.0,SE,3518.6,6.6e-09,788400000.0,SE82-3518.6,2.0965754616944258e-06,8.332511585156209e-28
79.0,35.0,BR,207.58,4.85,788400000.0,BR79-207.58,0.0007310054569021222,2.9015803891453305e-25
103.0,46.0,PD,0.0,1468022.4,788400000.0,PD103-0.0,0.006679259143193758,2.6506141072113325e-24
111.0,47.0,AG,0.0,643680.0,788400000.0,AG111-0.0,29068.262756579436,1.1549563206772712e-17
108.0,41.0,NB,0.0,0.193,788400000.0,NB108-0.0,0.7752133778820047,3.0910652810865284e-22
165.0,66.0,DY,108.16,75.42,788400000.0,DY165-108.16,51.95346801346417,2.0627222450468484e-20
165.0,66.0,DY,0.0,8402.4,788400000.0,DY165-0.0,5657.778388716073,2.2463226780916417e-18
75.0,33.0,AS,303.9243,0.0176,788400000.0,AS75-303.9243,0.001619199202694678,6.430449031978816e-25
92.0,41.0,NB,0.0,1095000000000000.0,788400000.0,NB92-0.0,2230.573505112364,8.853608977633764e-19
130.0,50.0,SN,1946.88,102.0,788400000.0,SN130-1946.88,308817.0469487363,1.2285872145559926e-16
148.0,62.0,SM,0.0,2.209e+23,788400000.0,SM148-0.0,11158812.875545725,4.428754863837641e-15
163.0,68.0,ER,0.0,4500.0,788400000.0,ER163-0.0,1.0673534559592249e-07,4.2182694268058844e-29
84.0,31.0,GA,0.0,0.085,788400000.0,GA84-0.0,0.0017695169355047015,7.047647530918005e-25
167.0,69.0,TM,0.0,799200.0,788400000.0,TM167-0.0,0.009296921425984582,3.689520608574156e-24
83.0,36.0,KR,41.5575,6588.0,788400000.0,KR83-41.5575,2194406.097106098,8.72319635821117e-16
119.0,47.0,AG,1e-06,2.1,788400000.0,AG119-1e-06,122.77274097396632,4.883574816073459e-20
79.0,30.0,ZN,0.0,0.746,788400000.0,ZN79-0.0,0.5549669067231499,2.205861513451028e-22
71.0,32.0,GE,198.367,0.0204,788400000.0,GE71-198.367,7.3433694362227794e-09,2.914465836757115e-30
71.0,32.0,GE,0.0,987552.0,788400000.0,GE71-0.0,0.3554908035812054,1.4108860877376723e-22
101.0,38.0,SR,0.0,0.118,788400000.0,SR101-0.0,0.24112931445758792,9.604672749484612e-23
135.0,55.0,CS,1633.3,3180.0,788400000.0,CS135-1633.3,56905.59670793419,2.2600410734970624e-17
132.0,50.0,SN,4847.0,2.08e-06,788400000.0,SN132-4847.0,0.0017823117569142058,7.095029790545207e-25
132.0,50.0,SN,0.0,39.7,788400000.0,SN132-0.0,34018.161909911316,1.3541955902723922e-17
140.0,59.0,PR,0.0,203.4,788400000.0,PR140-0.0,9.21783581298576e-05,3.658164253303629e-26
116.0,45.0,RH,150.0,0.57,788400000.0,RH116-150.0,15.085394371962053,6.0052481655866775e-21
159.0,66.0,DY,0.0,12480000.0,788400000.0,DY159-0.0,17.359568283457207,6.889239792657966e-21
76.0,33.0,AS,0.0,94464.0,788400000.0,AS76-0.0,605.3651376408768,2.4034716687776747e-19
103.0,44.0,RU,238.2,0.00169,788400000.0,RU103-238.2,0.5740299921768189,2.280647830814864e-22
103.0,44.0,RU,0.0,3390940.8,788400000.0,RU103-0.0,1151800620.3565075,4.576157140225468e-13
156.0,65.0,TB,0.0,462239.1,788400000.0,TB156-0.0,0.4778969472997556,1.8964129473529838e-22
115.0,44.0,RU,0.0,0.318,788400000.0,RU115-0.0,4.434389695316563,1.7662851419433174e-21
134.0,51.0,SB,0.0,0.78,788400000.0,SB134-0.0,903.4986338495066,3.59678372612366e-19
123.0,47.0,AG,1473.5,3.93e-07,788400000.0,AG123-1473.5,1.1422961904118514e-07,4.550105353516908e-29
123.0,47.0,AG,0.0,0.299,788400000.0,AG123-0.0,0.08690752186623137,3.461784989074133e-23
103.0,45.0,RH,39.754,3366.84,788400000.0,RH103-39.754,1141001.0869783335,4.533250090627084e-16
147.0,60.0,ND,0.0,952992.0,788400000.0,ND147-0.0,4860903954.596125,1.93357915892413e-12
118.0,49.0,IN,138.500001,8.5,788400000.0,IN118-138.500001,179.8443529331537,7.142012850060464e-20
138.0,54.0,XE,0.0,848.4,788400000.0,XE138-0.0,10853167.561486233,4.317811878738236e-15
157.0,66.0,DY,199.5,0.0216,788400000.0,DY157-199.5,9.353526272087285e-13,3.6965911981718176e-34
91.0,36.0,KR,0.0,8.57,788400000.0,KR91-0.0,21549.427857892842,8.573052659706143e-18
81.0,36.0,KR,0.0,7227000000000.0,788400000.0,KR81-0.0,36227.18904768483,1.4382414294774552e-17
133.0,53.0,I,0.0,74988.0,788400000.0,I133-0.0,961856411.888918,3.825049419415551e-13
123.0,53.0,I,0.0,47602.8,788400000.0,I123-0.0,0.014339986487067307,5.691625386075317e-24
100.0,43.0,TC,0.0,15.65,788400000.0,TC100-0.0,4.409952523543575,1.7515768976212328e-21
86.0,35.0,BR,0.0,55.1,788400000.0,BR86-0.0,40619.52137299178,1.61492738451454e-17
105.0,42.0,MO,0.0,36.3,788400000.0,MO105-0.0,325418.80103664275,1.2945972491701165e-16
136.0,52.0,TE,0.0,17.63,788400000.0,TE136-0.0,42764.77569295298,1.7023966539719843e-17
81.0,34.0,SE,0.0,1107.0,788400000.0,SE81-0.0,333995.6829716092,1.3280300525271061e-16
120.0,49.0,IN,70.0,46.2,788400000.0,IN120-70.0,3301.913620839154,1.3123492608532498e-18
79.0,31.0,GA,0.0,2.847,788400000.0,GA79-0.0,57.05907633713546,2.2672376024664238e-20
79.0,32.0,GE,185.95,39.0,788400000.0,GE79-185.95,781.6311829964978,3.105804936059974e-19
157.0,62.0,SM,0.0,481.8,788400000.0,SM157-0.0,63710.74951911807,2.5331258437845402e-17
147.0,62.0,SM,0.0,3.377e+18,788400000.0,SM147-0.0,2367084758085.4346,9.415807555306046e-10
161.0,67.0,HO,211.15,6.76,788400000.0,HO161-211.15,1.8615279208252062e-07,7.386465876447122e-29
161.0,67.0,HO,0.0,8928.0,788400000.0,HO161-0.0,0.00024585390444230467,9.755381342120587e-26
100.0,41.0,NB,0.0,1.4,788400000.0,NB100-0.0,4946.84368950726,1.9668435989317396e-18
131.0,51.0,SB,0.0,1381.8,788400000.0,SB131-0.0,6865130.076964034,2.7300915009272877e-15
131.0,52.0,TE,182.265,119700.0,788400000.0,TE131-182.265,594700246.1653291,2.3649749782294895e-13
93.0,36.0,KR,0.0,1.286,788400000.0,KR93-0.0,603.0804814037039,2.400415283338186e-19
146.0,57.0,LA,0.0,6.1,788400000.0,LA146-0.0,24366.466673438772,9.695696997518869e-18
157.0,66.0,DY,0.0,29304.000000000004,788400000.0,DY157-0.0,1.2689751651791581e-06,5.015095152187038e-28
126.0,50.0,SN,0.0,6880000000000.0,788400000.0,SN126-0.0,269279900381.2615,1.0703811233533354e-10
230.0,90.0,TH,0.0,2379000000000.0,788400000.0,TH230-0.0,2.457109753920017e+16,9.71070163814914e-06
226.0,88.0,RA,0.0,50492000000.0,788400000.0,RA226-0.0,1903934528360.5642,7.52450724432778e-10
119.0,51.0,SB,0.0,137484.0,788400000.0,SB119-0.0,0.8178338435319324,3.2366930010624698e-22
72.0,33.0,AS,0.0,93600.0,788400000.0,AS72-0.0,0.0001574448855476682,6.248084225902448e-26
94.0,38.0,SR,0.0,75.3,788400000.0,SR94-0.0,516658.1587987172,2.0548359528955017e-16
98.0,39.0,Y,0.0,0.548,788400000.0,Y98-0.0,3243.512288845149,1.2904632355255065e-18
222.0,86.0,RN,0.0,330238.08,788400000.0,RN222-0.0,12430333.578288672,4.912570976890809e-15
218.0,84.0,PO,0.0,185.82,788400000.0,PO218-0.0,6994.249786989474,2.7641855540146848e-18
214.0,82.0,PB,0.0,1623.6,788400000.0,PB214-0.0,61098.74245875747,2.414673001629463e-17
214.0,83.0,BI,0.0,1182.6,788400000.0,BI214-0.0,44502.901818873506,1.7587916083336345e-17
214.0,84.0,PO,0.0,0.0001636,788400000.0,PO214-0.0,0.006155209279772535,2.4325897832150124e-24
210.0,82.0,PB,0.0,700579000.0,788400000.0,PB210-0.0,4471557570.305714,1.767196656713091e-12
206.0,80.0,HG,0.0,499.2,788400000.0,HG206-0.0,6.053804136366214e-05,2.3925136290822326e-26
206.0,81.0,TL,0.0,252.12,788400000.0,TL206-0.0,0.0021482930674877093,8.490232467798984e-25
89.0,37.0,RB,0.0,919.2,788400000.0,RB89-0.0,2634303.285525503,1.0473101746876296e-15
165.0,65.0,TB,0.0,126.6,788400000.0,TB165-0.0,74.32661050556695,2.951118746263683e-20
66.0,27.0,CO,0.0,0.2,788400000.0,CO66-0.0,0.0001312271226012438,5.211801096715849e-26
146.0,59.0,PR,0.0,1445.4,788400000.0,PR146-0.0,8975213.171272414,3.5701164134779374e-15
75.0,34.0,SE,0.0,10349000.0,788400000.0,SE75-0.0,0.5675113177080476,2.252671308581137e-22
82.0,33.0,AS,0.0,19.1,788400000.0,AS82-0.0,0.0,0.0
134.0,52.0,TE,1691.34,1.641e-07,788400000.0,TE134-1691.34,0.00217240444154684,8.643035870689429e-25
134.0,52.0,TE,0.0,2508.0,788400000.0,TE134-0.0,33201648.008109126,1.3209466396206954e-14
81.0,34.0,SE,103.0,3436.8,788400000.0,SE81-103.0,967153.019772322,3.845759169693067e-16
122.0,48.0,CD,0.0,5.24,788400000.0,CD122-0.0,294.86294695540585,1.1725692481234682e-19
122.0,49.0,IN,290.0,10.8,788400000.0,IN122-290.0,607.7327914870671,2.4167457787832607e-19
137.0,54.0,XE,0.0,229.08,788400000.0,XE137-0.0,2025408.5982836515,8.055488225570925e-16
93.0,39.0,Y,758.723,0.82,788400000.0,Y93-758.723,6976.813619736725,2.7746552640275638e-18
93.0,39.0,Y,0.0,36648.0,788400000.0,Y93-0.0,311812605.3348362,1.2400682224192703e-13
90.0,40.0,ZR,2319.0,0.809,788400000.0,ZR90-2319.0,2.3895020519623033e-05,9.484800910899887e-27
210.0,81.0,TL,0.0,78.0,788400000.0,TL210-0.0,0.6145079999584382,2.4285866076320146e-22
141.0,55.0,CS,0.0,24.84,788400000.0,CS141-0.0,174908.119866445,6.958371079684059e-17
77.0,35.0,BR,105.86,256.8,788400000.0,BR77-105.86,5.551777252013762e-06,2.2031291077790765e-27
84.0,34.0,SE,0.0,195.6,788400000.0,SE84-0.0,190692.22090552162,7.58313273655465e-17
111.0,43.0,TC,0.0,0.29,788400000.0,TC111-0.0,9.476562169918783,3.774534171596898e-21
153.0,60.0,ND,0.0,31.6,788400000.0,ND153-0.0,22862.54701905548,9.094623839325113e-18
132.0,53.0,I,0.0,8262.0,788400000.0,I132-0.0,46794328.78584712,1.8603938452015713e-14
130.0,50.0,SN,0.0,223.2,788400000.0,SN130-0.0,0.0,0.0
93.0,41.0,NB,30.77,508710000.0,788400000.0,NB93-30.77,18193349.969983142,7.235316815158161e-15
102.0,38.0,SR,0.0,0.069,788400000.0,SR102-0.0,0.008644289835187636,3.444854495223485e-24
75.0,32.0,GE,0.0,4966.8,788400000.0,GE75-0.0,455.6028527250484,1.8093716768582818e-19
68.0,27.0,CO,0.0,0.2,788400000.0,CO68-0.0,0.0006001731863072044,2.383205708911952e-25
120.0,47.0,AG,203.0,0.32,788400000.0,AG120-203.0,7.974342657660564,3.1724057731754027e-21
101.0,45.0,RH,157.41,374976.0,788400000.0,RH101-157.41,0.0157307887361729,6.243529647384603e-24
135.0,52.0,TE,0.0,19.0,788400000.0,TE135-0.0,124132.47636255881,4.9399209847009764e-17
101.0,41.0,NB,0.0,7.1,788400000.0,NB101-0.0,100108.09452731375,3.981557347140438e-17
78.0,35.0,BR,180.9,0.0001194,788400000.0,BR78-180.9,2.0034932186392708e-10,7.954173505042462e-32
78.0,35.0,BR,0.0,387.0,788400000.0,BR78-0.0,0.0006493734327428192,2.5781115231501088e-25
78.0,31.0,GA,0.0,5.09,788400000.0,GA78-0.0,110.08482032076414,4.3780146637286155e-20
117.0,49.0,IN,315.302,6972.0,788400000.0,IN117-315.302,360676.4984106821,1.432796145498959e-16
118.0,47.0,AG,127.74,2.0,788400000.0,AG118-127.74,205.473505401638,8.171738934010936e-20
210.0,83.0,BI,0.0,433036.8,788400000.0,BI210-0.0,2755580.766400406,1.0890283846558556e-15
210.0,84.0,PO,0.0,11960000.0,788400000.0,PO210-0.0,70112364.39547993,2.7708988200608374e-14
73.0,30.0,ZN,0.0,24.5,788400000.0,ZN73-0.0,22.98607071398092,9.12978709027314e-21
101.0,45.0,RH,0.0,104140000.0,788400000.0,RH101-0.0,4.350635497221105,1.7267577592344028e-21
92.0,37.0,RB,0.0,4.48,788400000.0,RB92-0.0,22642.609423001228,9.006537402464903e-18
88.0,37.0,RB,1373.8,1.23e-07,788400000.0,RB88-1373.8,0.00019682182742710013,7.825102718372812e-26
102.0,40.0,ZR,0.0,2.9,788400000.0,ZR102-0.0,11474.769966737838,4.5661777095319564e-18
77.0,35.0,BR,0.0,205344.0,788400000.0,BR77-0.0,0.004439355961058029,1.761683478552894e-24
135.0,54.0,XE,526.562,917.4,788400000.0,XE135-526.562,16459420.775499051,6.546518348172727e-15
135.0,54.0,XE,0.0,32904.0,788400000.0,XE135-0.0,590323011.8398207,2.347932214621235e-13
91.0,39.0,Y,0.0,5055264.0,788400000.0,Y91-0.0,28185940078.35849,1.1209050626325571e-11
167.0,67.0,HO,0.0,11160.0,788400000.0,HO167-0.0,1929.2258692167181,7.658916897463427e-19
77.0,30.0,ZN,772.43,1.05,788400000.0,ZN77-772.43,3.9839401795461327,1.5838893573497183e-21
77.0,30.0,ZN,0.0,2.08,788400000.0,ZN77-0.0,7.891995784437842,3.1376093936840535e-21
134.0,55.0,CS,138.7441,10483.2,788400000.0,CS134-138.7441,9290.847652052486,3.689085491244508e-18
131.0,54.0,XE,163.93,1022976.0,788400000.0,XE131-163.93,6939611797.524481,2.759285224953132e-12
88.0,37.0,RB,0.0,1066.38,788400000.0,RB88-0.0,1706397.2531778673,6.784173258991581e-16
114.0,45.0,RH,200.0,1.85,788400000.0,RH114-200.0,217.92203196152707,8.667908364082692e-20
161.0,64.0,GD,0.0,219.6,788400000.0,GD161-0.0,1155.2535570638909,4.592027372166841e-19
104.0,43.0,TC,0.0,1098.0,788400000.0,TC104-0.0,12775529.481554672,5.0802047089732935e-15
139.0,58.0,CE,754.24,57.58,788400000.0,CE139-754.24,0.024648907089679668,9.78442702412438e-24
119.0,50.0,SN,89.535,25320000.0,788400000.0,SN119-89.535,2729641508.264579,1.0852504238840052e-12
156.0,63.0,EU,0.0,1312416.0,788400000.0,EU156-0.0,355073456.9051548,1.4119101911372795e-13
115.0,46.0,PD,89.3,50.0,788400000.0,PD115-89.3,4131.47123898484,1.642129021826157e-18
99.0,43.0,TC,142.6836,21625.92,788400000.0,TC99-142.6836,326478956.30557656,1.29853241887854e-13
99.0,43.0,TC,0.0,6662000000000.0,788400000.0,TC99-0.0,8263687080498.928,3.2867788782532692e-09
99.0,42.0,MO,0.0,237326.4,788400000.0,MO99-0.0,3582830257.862422,1.425029441657064e-12
103.0,43.0,TC,0.0,54.2,788400000.0,TC103-0.0,18314.209994478653,7.276340556406004e-18
151.0,62.0,SM,0.0,2840000000.0,788400000.0,SM151-0.0,329940266821.68195,1.3114666293402844e-10
152.0,63.0,EU,147.81,5760.0,788400000.0,EU152-147.81,1.5777351350874411,6.2612045090131e-22
152.0,63.0,EU,0.0,426600000.0,788400000.0,EU152-0.0,84784.36244982218,3.364588108964542e-17
95.0,36.0,KR,195.5,1.4e-06,788400000.0,KR95-195.5,1.8065031670445086e-05,7.193986246229772e-27
170.0,69.0,TM,0.0,11110000.0,788400000.0,TM170-0.0,34.88480677369377,1.3846136377291253e-20
128.0,49.0,IN,340.0,0.72,788400000.0,IN128-340.0,48.89655288790696,1.9456320085504974e-20
128.0,49.0,IN,0.0,0.84,788400000.0,IN128-0.0,1.5801736008385379,6.287634107676132e-22
153.0,64.0,GD,95.1737,3.5e-06,788400000.0,GD153-95.1737,2.1798491609235143e-12,8.649531375701369e-34
153.0,64.0,GD,0.0,20771000.0,788400000.0,GD153-0.0,12.94289862040493,5.1356672068537815e-21
134.0,55.0,CS,0.0,65170000.0,788400000.0,CS134-0.0,57769877.08034325,2.2938457974556242e-14
97.0,40.0,ZR,0.0,60296.4,788400000.0,ZR97-0.0,202311516.6692572,8.043620192102152e-14
152.0,61.0,PM,0.0,247.2,788400000.0,PM152-0.0,16350.215379627138,6.495888399951122e-18
95.0,40.0,ZR,0.0,5532364.8,788400000.0,ZR95-0.0,59195709347.10464,2.354360076934715e-11
171.0,68.0,ER,0.0,27057.6,788400000.0,ER171-0.0,19.263914238405007,7.649086987894686e-21
168.0,67.0,HO,0.0,179.4,788400000.0,HO168-0.0,14.359437914884236,5.702050910548656e-21
69.0,29.0,CU,0.0,171.0,788400000.0,CU69-0.0,5.880843319504727,2.334758498585528e-21
69.0,30.0,ZN,438.636,49521.6,788400000.0,ZN69-438.636,1703.0927555034339,6.761462712938013e-19
90.0,39.0,Y,0.0,230580.0,788400000.0,Y90-0.0,466030411.1534661,1.853298595124382e-13
88.0,36.0,KR,0.0,10170.0,788400000.0,KR88-0.0,15567652.037159933,6.189441507784162e-15
166.0,67.0,HO,0.0,96566.4,788400000.0,HO166-0.0,22171.370751722417,8.801195208520802e-18
109.0,46.0,PD,0.0,48924.0,788400000.0,PD109-0.0,188411041.17278227,7.499981893511532e-14
102.0,41.0,NB,0.0,4.3,788400000.0,NB102-0.0,52482.865980517825,2.0876966514098244e-17
140.0,56.0,BA,0.0,1101686.4,788400000.0,BA140-0.0,14490485469.12876,5.764026120165203e-12
83.0,35.0,BR,0.0,8546.4,788400000.0,BR83-0.0,2845969.9717637654,1.1313294217060737e-15
159.0,63.0,EU,0.0,1086.0,788400000.0,EU159-0.0,100877.56655098821,4.013075951408125e-17
123.0,48.0,CD,140.65,1.8,788400000.0,CD123-140.65,40.26183419465004,1.6018693436595028e-20
123.0,48.0,CD,0.0,2.1,788400000.0,CD123-0.0,1.2259728512471626,4.877692151523296e-22
93.0,38.0,SR,0.0,445.8,788400000.0,SR93-0.0,3679861.5811828226,1.463506879913646e-15
123.0,51.0,SB,2238.6,2.14e-07,788400000.0,SB123-2238.6,2.4772859685372244e-07,9.837492825973134e-29
169.0,66.0,DY,0.0,39.0,788400000.0,DY169-0.0,0.9943647119566387,3.9506995282743834e-22
135.0,55.0,CS,0.0,72580000000000.0,788400000.0,CS135-0.0,9824427416318.605,3.907524723377106e-09
107.0,44.0,RU,0.0,225.0,788400000.0,RU107-0.0,376874.1784736815,1.498229065018041e-16
154.0,59.0,PR,0.0,0.0,788400000.0,PR154-0.0,0.0,0.0
137.0,53.0,I,0.0,0.0,788400000.0,I137-0.0,0.0,0.0
162.0,60.0,ND,0.0,0.0,788400000.0,ND162-0.0,0.0,0.0
152.0,58.0,CE,0.0,0.0,788400000.0,CE152-0.0,0.0,0.0
94.0,35.0,BR,0.0,0.0,788400000.0,BR94-0.0,0.0,0.0
112.0,40.0,ZR,0.0,0.0,788400000.0,ZR112-0.0,0.0,0.0
164.0,61.0,PM,0.0,0.0,788400000.0,PM164-0.0,0.0,0.0
116.0,44.0,RU,0.0,0.0,788400000.0,RU116-0.0,0.0,0.0
66.0,25.0,MN,0.0,0.0,788400000.0,MN66-0.0,0.0,0.0
141.0,59.0,PR,0.0,0.0,788400000.0,PR141-0.0,6160735096064.2705,2.450352839958662e-09
172.0,67.0,HO,0.0,0.0,788400000.0,HO172-0.0,0.0,0.0
85.0,31.0,GA,0.0,0.0,788400000.0,GA85-0.0,0.0,0.0
121.0,45.0,RH,0.0,0.0,788400000.0,RH121-0.0,0.0,0.0
96.0,42.0,MO,0.0,0.0,788400000.0,MO96-0.0,2863046647.211266,1.1373606086333467e-12
147.0,55.0,CS,0.0,0.0,788400000.0,CS147-0.0,0.0,0.0
149.0,62.0,SM,0.0,0.0,788400000.0,SM149-0.0,52541613879.58546,2.087130872927493e-11
157.0,59.0,PR,0.0,0.0,788400000.0,PR157-0.0,0.0,0.0
78.0,27.0,CO,0.0,0.0,788400000.0,CO78-0.0,0.0,0.0
150.0,56.0,BA,0.0,0.0,788400000.0,BA150-0.0,0.0,0.0
120.0,46.0,PD,0.0,0.0,788400000.0,PD120-0.0,0.0,0.0
108.0,46.0,PD,0.0,0.0,788400000.0,PD108-0.0,57404441003.880295,2.2816957202776254e-11
85.0,32.0,GE,0.0,0.0,788400000.0,GE85-0.0,0.0,0.0
83.0,29.0,CU,0.0,0.0,788400000.0,CU83-0.0,0.0,0.0
67.0,25.0,MN,0.0,0.0,788400000.0,MN67-0.0,0.0,0.0
138.0,51.0,SB,0.0,0.0,788400000.0,SB138-0.0,0.0,0.0
162.0,63.0,EU,0.0,0.0,788400000.0,EU162-0.0,0.0,0.0
159.0,65.0,TB,0.0,0.0,788400000.0,TB159-0.0,51917302968.35213,2.065296093053902e-11
103.0,38.0,SR,0.0,0.0,788400000.0,SR103-0.0,0.0,0.0
122.0,50.0,SN,0.0,0.0,788400000.0,SN122-0.0,69871347798.27448,2.777116030941648e-11
116.0,48.0,CD,0.0,0.0,788400000.0,CD116-0.0,135.06919572850325,5.345052136626756e-20
161.0,63.0,EU,0.0,0.0,788400000.0,EU161-0.0,0.0,0.0
145.0,57.0,LA,0.0,0.0,788400000.0,LA145-0.0,0.0,0.0
148.0,60.0,ND,0.0,0.0,788400000.0,ND148-0.0,318124776816.48737,1.2643457227662582e-10
130.0,54.0,XE,0.0,0.0,788400000.0,XE130-0.0,2038237134.5688324,8.091231538643279e-13
129.0,47.0,AG,0.0,0.0,788400000.0,AG129-0.0,0.0,0.0
145.0,60.0,ND,0.0,0.0,788400000.0,ND145-0.0,474396489132.3981,1.8851591861319826e-10
97.0,36.0,KR,0.0,0.0,788400000.0,KR97-0.0,0.0,0.0
106.0,40.0,ZR,0.0,0.0,788400000.0,ZR106-0.0,0.0,0.0
138.0,56.0,BA,0.0,0.0,788400000.0,BA138-0.0,8400957701773.782,3.341673294708695e-09
70.0,30.0,ZN,0.0,0.0,788400000.0,ZN70-0.0,29.612826187819092,1.1753865414332472e-20
171.0,63.0,EU,0.0,0.0,788400000.0,EU171-0.0,0.0,0.0
105.0,40.0,ZR,0.0,0.0,788400000.0,ZR105-0.0,0.0,0.0
164.0,68.0,ER,0.0,0.0,788400000.0,ER164-0.0,22916.913320869968,9.095191642689447e-18
166.0,62.0,SM,0.0,0.0,788400000.0,SM166-0.0,0.0,0.0
110.0,46.0,PD,0.0,0.0,788400000.0,PD110-0.0,4687354.347196356,1.865098334509031e-15
170.0,68.0,ER,0.0,0.0,788400000.0,ER170-0.0,2549751.3756718063,1.012525621761544e-15
87.0,33.0,AS,0.0,0.0,788400000.0,AS87-0.0,0.0,0.0
69.0,31.0,GA,0.0,0.0,788400000.0,GA69-0.0,18966054.80142476,7.529699332189131e-15
153.0,58.0,CE,0.0,0.0,788400000.0,CE153-0.0,0.0,0.0
108.0,42.0,MO,0.0,0.0,788400000.0,MO108-0.0,0.0,0.0
97.0,42.0,MO,0.0,0.0,788400000.0,MO97-0.0,1866408777622.8218,7.420478455544458e-10
144.0,55.0,CS,0.0,0.0,788400000.0,CS144-0.0,0.0,0.0
167.0,63.0,EU,0.0,0.0,788400000.0,EU167-0.0,0.0,0.0
151.0,55.0,CS,0.0,0.0,788400000.0,CS151-0.0,0.0,0.0
107.0,41.0,NB,0.0,0.0,788400000.0,NB107-0.0,0.0,0.0
105.0,41.0,NB,0.0,0.0,788400000.0,NB105-0.0,0.0,0.0
69.0,26.0,FE,0.0,0.0,788400000.0,FE69-0.0,0.0,0.0
134.0,50.0,SN,0.0,0.0,788400000.0,SN134-0.0,0.0,0.0
156.0,64.0,GD,0.0,0.0,788400000.0,GD156-0.0,146904813463.18893,5.841495915430695e-11
81.0,29.0,CU,0.0,0.0,788400000.0,CU81-0.0,0.0,0.0
85.0,35.0,BR,0.0,0.0,788400000.0,BR85-0.0,0.0,0.0
145.0,54.0,XE,0.0,0.0,788400000.0,XE145-0.0,0.0,0.0
144.0,54.0,XE,0.0,0.0,788400000.0,XE144-0.0,0.0,0.0
98.0,44.0,RU,0.0,0.0,788400000.0,RU98-0.0,3.2461258145482987,1.288230647941114e-21
133.0,51.0,SB,0.0,0.0,788400000.0,SB133-0.0,0.0,0.0
96.0,36.0,KR,0.0,0.0,788400000.0,KR96-0.0,0.0,0.0
149.0,56.0,BA,0.0,0.0,788400000.0,BA149-0.0,0.0,0.0
151.0,63.0,EU,0.0,0.0,788400000.0,EU151-0.0,0.0,0.0
165.0,67.0,HO,0.0,0.0,788400000.0,HO165-0.0,377538765.85689485,1.4989563061321e-13
133.0,49.0,IN,0.0,0.0,788400000.0,IN133-0.0,0.0,0.0
117.0,43.0,TC,0.0,0.0,788400000.0,TC117-0.0,0.0,0.0
87.0,34.0,SE,0.0,0.0,788400000.0,SE87-0.0,0.0,0.0
71.0,29.0,CU,0.0,0.0,788400000.0,CU71-0.0,0.0,0.0
132.0,56.0,BA,0.0,0.0,788400000.0,BA132-0.0,0.0,0.0
74.0,28.0,NI,0.0,0.0,788400000.0,NI74-0.0,0.0,0.0
84.0,38.0,SR,0.0,0.0,788400000.0,SR84-0.0,15180.784535626237,6.026511009104447e-18
77.0,31.0,GA,0.0,0.0,788400000.0,GA77-0.0,0.0,0.0
75.0,26.0,FE,0.0,0.0,788400000.0,FE75-0.0,0.0,0.0
114.0,48.0,CD,0.0,0.0,788400000.0,CD114-0.0,1.7483999281265667,6.911218783402241e-22
164.0,62.0,SM,0.0,0.0,788400000.0,SM164-0.0,0.0,0.0
154.0,64.0,GD,0.0,0.0,788400000.0,GD154-0.0,19238557.520873044,7.636778865138432e-15
109.0,41.0,NB,0.0,0.0,788400000.0,NB109-0.0,0.0,0.0
105.0,38.0,SR,0.0,0.0,788400000.0,SR105-0.0,0.0,0.0
122.0,52.0,TE,0.0,0.0,788400000.0,TE122-0.0,57178024.588357024,2.26847881430321e-14
140.0,53.0,I,0.0,0.0,788400000.0,I140-0.0,0.0,0.0
90.0,35.0,BR,0.0,0.0,788400000.0,BR90-0.0,0.0,0.0
157.0,61.0,PM,0.0,0.0,788400000.0,PM157-0.0,0.0,0.0
106.0,41.0,NB,0.0,0.0,788400000.0,NB106-0.0,0.0,0.0
167.0,65.0,TB,0.0,0.0,788400000.0,TB167-0.0,0.0,0.0
95.0,37.0,RB,0.0,0.0,788400000.0,RB95-0.0,0.0,0.0
73.0,28.0,NI,0.0,0.0,788400000.0,NI73-0.0,0.0,0.0
72.0,27.0,CO,0.0,0.0,788400000.0,CO72-0.0,0.0,0.0
169.0,65.0,TB,0.0,0.0,788400000.0,TB169-0.0,0.0,0.0
156.0,58.0,CE,0.0,0.0,788400000.0,CE156-0.0,0.0,0.0
77.0,28.0,NI,0.0,0.0,788400000.0,NI77-0.0,0.0,0.0
98.0,37.0,RB,0.0,0.0,788400000.0,RB98-0.0,0.0,0.0
85.0,33.0,AS,0.0,2.021,788400000.0,AS85-0.0,247.1836536141236,9.835561174034586e-20
160.0,61.0,PM,0.0,0.0,788400000.0,PM160-0.0,0.0,0.0
148.0,56.0,BA,0.0,0.0,788400000.0,BA148-0.0,0.0,0.0
164.0,63.0,EU,0.0,0.0,788400000.0,EU164-0.0,0.0,0.0
139.0,51.0,SB,0.0,0.0,788400000.0,SB139-0.0,0.0,0.0
165.0,64.0,GD,0.0,0.0,788400000.0,GD165-0.0,0.0,0.0
103.0,41.0,NB,0.0,0.0,788400000.0,NB103-0.0,0.0,0.0
92.0,34.0,SE,0.0,0.0,788400000.0,SE92-0.0,0.0,0.0
161.0,60.0,ND,0.0,0.0,788400000.0,ND161-0.0,0.0,0.0
139.0,52.0,TE,0.0,0.0,788400000.0,TE139-0.0,0.0,0.0
148.0,55.0,CS,0.0,0.0,788400000.0,CS148-0.0,0.0,0.0
83.0,32.0,GE,0.0,0.0,788400000.0,GE83-0.0,0.0,0.0
83.0,33.0,AS,0.0,0.0,788400000.0,AS83-0.0,0.0,0.0
137.0,50.0,SN,0.0,0.0,788400000.0,SN137-0.0,0.0,0.0
146.0,60.0,ND,0.0,0.0,788400000.0,ND146-0.0,3401685410432.1416,1.3531024825485653e-09
86.0,34.0,SE,0.0,0.0,788400000.0,SE86-0.0,0.0,0.0
130.0,47.0,AG,0.0,0.0,788400000.0,AG130-0.0,0.0,0.0
170.0,66.0,DY,0.0,0.0,788400000.0,DY170-0.0,0.0,0.0
130.0,48.0,CD,0.0,0.0,788400000.0,CD130-0.0,0.0,0.0
102.0,44.0,RU,0.0,0.0,788400000.0,RU102-0.0,8653542436591.441,3.44168391253211e-09
111.0,41.0,NB,0.0,0.0,788400000.0,NB111-0.0,0.0,0.0
129.0,48.0,CD,0.0,0.0,788400000.0,CD129-0.0,0.0,0.0
94.0,34.0,SE,0.0,0.0,788400000.0,SE94-0.0,0.0,0.0
152.0,57.0,LA,0.0,0.0,788400000.0,LA152-0.0,0.0,0.0
136.0,49.0,IN,0.0,0.0,788400000.0,IN136-0.0,0.0,0.0
86.0,31.0,GA,0.0,0.0,788400000.0,GA86-0.0,0.0,0.0
111.0,42.0,MO,0.0,0.0,788400000.0,MO111-0.0,0.0,0.0
120.0,45.0,RH,0.0,0.0,788400000.0,RH120-0.0,0.0,0.0
126.0,48.0,CD,0.0,0.0,788400000.0,CD126-0.0,0.0,0.0
169.0,64.0,GD,0.0,0.0,788400000.0,GD169-0.0,0.0,0.0
139.0,57.0,LA,0.0,0.0,788400000.0,LA139-0.0,2967921559349.8857,1.1800783250697522e-09
78.0,34.0,SE,0.0,0.0,788400000.0,SE78-0.0,26930354673.70163,1.0707496175652488e-11
77.0,29.0,CU,0.0,0.0,788400000.0,CU77-0.0,0.0,0.0
81.0,31.0,GA,0.0,0.0,788400000.0,GA81-0.0,0.0,0.0
130.0,52.0,TE,0.0,0.0,788400000.0,TE130-0.0,0.0,0.0
172.0,65.0,TB,0.0,0.0,788400000.0,TB172-0.0,0.0,0.0
166.0,61.0,PM,0.0,0.0,788400000.0,PM166-0.0,0.0,0.0
86.0,38.0,SR,0.0,0.0,788400000.0,SR86-0.0,366568043.485476,1.4556640686044591e-13
153.0,57.0,LA,0.0,0.0,788400000.0,LA153-0.0,0.0,0.0
143.0,53.0,I,0.0,0.0,788400000.0,I143-0.0,0.0,0.0
108.0,44.0,RU,0.0,0.0,788400000.0,RU108-0.0,0.0,0.0
156.0,59.0,PR,0.0,0.0,788400000.0,PR156-0.0,0.0,0.0
135.0,50.0,SN,0.0,0.0,788400000.0,SN135-0.0,0.0,0.0
149.0,59.0,PR,0.0,0.0,788400000.0,PR149-0.0,0.0,0.0
140.0,58.0,CE,0.0,0.0,788400000.0,CE140-0.0,7019880971913.137,2.7923569616150108e-09
114.0,50.0,SN,0.0,0.0,788400000.0,SN114-0.0,347.9456526541865,1.3753881316783832e-19
74.0,30.0,ZN,0.0,0.0,788400000.0,ZN74-0.0,0.0,0.0
82.0,36.0,KR,0.0,0.0,788400000.0,KR82-0.0,874140314.3552042,3.471394884978071e-13
82.0,30.0,ZN,0.0,0.0,788400000.0,ZN82-0.0,0.0,0.0
71.0,31.0,GA,0.0,0.0,788400000.0,GA71-0.0,19506832.978005815,7.743296674355514e-15
121.0,46.0,PD,0.0,0.0,788400000.0,PD121-0.0,0.0,0.0
85.0,37.0,RB,0.0,0.0,788400000.0,RB85-0.0,8717146645.18538,3.462759726386669e-12
85.0,30.0,ZN,0.0,0.0,788400000.0,ZN85-0.0,0.0,0.0
152.0,62.0,SM,0.0,0.0,788400000.0,SM152-0.0,834377835918.2793,3.3188023392552103e-10
138.0,52.0,TE,0.0,0.0,788400000.0,TE138-0.0,0.0,0.0
100.0,36.0,KR,0.0,0.0,788400000.0,KR100-0.0,0.0,0.0
131.0,50.0,SN,0.0,0.0,788400000.0,SN131-0.0,0.0,0.0
66.0,30.0,ZN,0.0,0.0,788400000.0,ZN66-0.0,490299.9798695255,1.9471641540242015e-16
114.0,42.0,MO,0.0,0.0,788400000.0,MO114-0.0,0.0,0.0
91.0,34.0,SE,0.0,0.0,788400000.0,SE91-0.0,0.0,0.0
146.0,53.0,I,0.0,0.0,788400000.0,I146-0.0,0.0,0.0
125.0,47.0,AG,0.0,0.0,788400000.0,AG125-0.0,0.0,0.0
107.0,43.0,TC,0.0,0.0,788400000.0,TC107-0.0,0.0,0.0
68.0,30.0,ZN,0.0,0.0,788400000.0,ZN68-0.0,349369.6048753476,1.3869518187664977e-16
142.0,54.0,XE,0.0,0.0,788400000.0,XE142-0.0,0.0,0.0
155.0,58.0,CE,0.0,0.0,788400000.0,CE155-0.0,0.0,0.0
150.0,62.0,SM,0.0,0.0,788400000.0,SM150-0.0,1683122025.791556,6.682871116456687e-13
111.0,44.0,RU,0.0,0.0,788400000.0,RU111-0.0,0.0,0.0
114.0,43.0,TC,0.0,0.0,788400000.0,TC114-0.0,0.0,0.0
153.0,63.0,EU,0.0,0.0,788400000.0,EU153-0.0,488056503118.84595,1.9410962791122094e-10
71.0,27.0,CO,0.0,0.0,788400000.0,CO71-0.0,0.0,0.0
133.0,55.0,CS,0.0,0.0,788400000.0,CS133-0.0,7051421946650.309,2.8041306773628064e-09
102.0,37.0,RB,0.0,0.0,788400000.0,RB102-0.0,0.0,0.0
158.0,61.0,PM,0.0,0.0,788400000.0,PM158-0.0,0.0,0.0
160.0,64.0,GD,0.0,0.0,788400000.0,GD160-0.0,0.0,0.0
82.0,31.0,GA,0.0,0.0,788400000.0,GA82-0.0,0.0,0.0
143.0,57.0,LA,0.0,0.0,788400000.0,LA143-0.0,0.0,0.0
165.0,63.0,EU,0.0,0.0,788400000.0,EU165-0.0,0.0,0.0
98.0,35.0,BR,0.0,0.0,788400000.0,BR98-0.0,0.0,0.0
104.0,41.0,NB,0.0,0.0,788400000.0,NB104-0.0,0.0,0.0
76.0,34.0,SE,0.0,0.0,788400000.0,SE76-0.0,3506775.787290811,1.3922773975633628e-15
142.0,58.0,CE,0.0,0.0,788400000.0,CE142-0.0,168.6950693661799,6.695744330447504e-20
132.0,49.0,IN,0.0,0.0,788400000.0,IN132-0.0,0.0,0.0
145.0,55.0,CS,0.0,0.0,788400000.0,CS145-0.0,0.0,0.0
132.0,48.0,CD,0.0,0.0,788400000.0,CD132-0.0,0.0,0.0
106.0,39.0,Y,0.0,0.0,788400000.0,Y106-0.0,0.0,0.0
171.0,66.0,DY,0.0,0.0,788400000.0,DY171-0.0,0.0,0.0
68.0,26.0,FE,0.0,0.0,788400000.0,FE68-0.0,0.0,0.0
163.0,62.0,SM,0.0,0.0,788400000.0,SM163-0.0,0.0,0.0
80.0,28.0,NI,0.0,0.0,788400000.0,NI80-0.0,0.0,0.0
143.0,54.0,XE,0.0,0.0,788400000.0,XE143-0.0,0.0,0.0
104.0,38.0,SR,0.0,0.0,788400000.0,SR104-0.0,0.0,0.0
134.0,49.0,IN,0.0,0.0,788400000.0,IN134-0.0,0.0,0.0
75.0,31.0,GA,0.0,0.0,788400000.0,GA75-0.0,0.0,0.0
149.0,58.0,CE,0.0,0.0,788400000.0,CE149-0.0,0.0,0.0
155.0,57.0,LA,0.0,0.0,788400000.0,LA155-0.0,0.0,0.0
146.0,61.0,PM,0.0,0.0,788400000.0,PM146-0.0,0.0,0.0
100.0,37.0,RB,0.0,0.0,788400000.0,RB100-0.0,0.0,0.0
81.0,30.0,ZN,0.0,0.0,788400000.0,ZN81-0.0,0.0,0.0
131.0,47.0,AG,0.0,0.0,788400000.0,AG131-0.0,0.0,0.0
67.0,30.0,ZN,0.0,0.0,788400000.0,ZN67-0.0,1889962.6592139802,7.504068089806636e-16
170.0,65.0,TB,0.0,0.0,788400000.0,TB170-0.0,0.0,0.0
154.0,58.0,CE,0.0,0.0,788400000.0,CE154-0.0,0.0,0.0
102.0,39.0,Y,0.0,0.0,788400000.0,Y102-0.0,0.0,0.0
158.0,58.0,CE,0.0,0.0,788400000.0,CE158-0.0,0.0,0.0
107.0,42.0,MO,0.0,0.0,788400000.0,MO107-0.0,0.0,0.0
157.0,65.0,TB,0.0,0.0,788400000.0,TB157-0.0,0.026160118503288025,1.033869590883251e-23
96.0,35.0,BR,0.0,0.0,788400000.0,BR96-0.0,0.0,0.0
82.0,32.0,GE,0.0,0.0,788400000.0,GE82-0.0,0.0,0.0
95.0,42.0,MO,0.0,0.0,788400000.0,MO95-0.0,5765347893191.499,2.2930161261668433e-09
127.0,48.0,CD,0.0,0.0,788400000.0,CD127-0.0,0.0,0.0
93.0,35.0,BR,0.0,0.0,788400000.0,BR93-0.0,0.0,0.0
137.0,52.0,TE,0.0,0.0,788400000.0,TE137-0.0,0.0,0.0
74.0,27.0,CO,0.0,0.0,788400000.0,CO74-0.0,0.0,0.0
142.0,53.0,I,0.0,0.0,788400000.0,I142-0.0,0.0,0.0
135.0,51.0,SB,0.0,0.0,788400000.0,SB135-0.0,0.0,0.0
163.0,61.0,PM,0.0,0.0,788400000.0,PM163-0.0,0.0,0.0
142.0,52.0,TE,0.0,0.0,788400000.0,TE142-0.0,0.0,0.0
116.0,43.0,TC,0.0,0.0,788400000.0,TC116-0.0,0.0,0.0
94.0,42.0,MO,0.0,0.0,788400000.0,MO94-0.0,40629.45929854311,1.613180321328567e-17
168.0,65.0,TB,0.0,0.0,788400000.0,TB168-0.0,0.0,0.0
158.0,64.0,GD,0.0,0.0,788400000.0,GD158-0.0,10377904341.220583,4.124360736877704e-12
67.0,26.0,FE,0.0,0.0,788400000.0,FE67-0.0,0.0,0.0
80.0,34.0,SE,0.0,0.0,788400000.0,SE80-0.0,87239932267.81732,3.46683050328144e-11
139.0,54.0,XE,0.0,0.0,788400000.0,XE139-0.0,0.0,0.0
75.0,28.0,NI,0.0,0.0,788400000.0,NI75-0.0,0.0,0.0
166.0,65.0,TB,0.0,0.0,788400000.0,TB166-0.0,0.0,0.0
105.0,39.0,Y,0.0,0.0,788400000.0,Y105-0.0,0.0,0.0
78.0,29.0,CU,0.0,0.0,788400000.0,CU78-0.0,0.0,0.0
104.0,39.0,Y,0.0,0.0,788400000.0,Y104-0.0,0.0,0.0
115.0,42.0,MO,0.0,0.0,788400000.0,MO115-0.0,0.0,0.0
91.0,35.0,BR,0.0,0.0,788400000.0,BR91-0.0,0.0,0.0
94.0,36.0,KR,0.0,0.0,788400000.0,KR94-0.0,0.0,0.0
72.0,26.0,FE,0.0,0.0,788400000.0,FE72-0.0,0.0,0.0
74.0,32.0,GE,0.0,0.0,788400000.0,GE74-0.0,174658742.33254603,6.934984058887561e-14
115.0,45.0,RH,0.0,0.0,788400000.0,RH115-0.0,0.0,0.0
128.0,52.0,TE,0.0,0.0,788400000.0,TE128-0.0,956.1479581865528,3.7946532826722736e-19
162.0,61.0,PM,0.0,0.0,788400000.0,PM162-0.0,0.0,0.0
118.0,45.0,RH,0.0,0.0,788400000.0,RH118-0.0,0.0,0.0
86.0,32.0,GE,0.0,0.0,788400000.0,GE86-0.0,0.0,0.0
145.0,53.0,I,0.0,0.0,788400000.0,I145-0.0,0.0,0.0
99.0,36.0,KR,0.0,0.0,788400000.0,KR99-0.0,0.0,0.0
143.0,52.0,TE,0.0,0.0,788400000.0,TE143-0.0,0.0,0.0
84.0,30.0,ZN,0.0,0.0,788400000.0,ZN84-0.0,0.0,0.0
106.0,46.0,PD,0.0,0.0,788400000.0,PD106-0.0,2678645750135.9897,1.0651364499382431e-09
157.0,60.0,ND,0.0,0.0,788400000.0,ND157-0.0,0.0,0.0
168.0,68.0,ER,0.0,0.0,788400000.0,ER168-0.0,42928012.84810853,1.7046565932398502e-14
156.0,57.0,LA,0.0,0.0,788400000.0,LA156-0.0,0.0,0.0
166.0,63.0,EU,0.0,0.0,788400000.0,EU166-0.0,0.0,0.0
71.0,28.0,NI,0.0,0.0,788400000.0,NI71-0.0,0.0,0.0
153.0,56.0,BA,0.0,0.0,788400000.0,BA153-0.0,0.0,0.0
129.0,46.0,PD,0.0,0.0,788400000.0,PD129-0.0,0.0,0.0
88.0,32.0,GE,0.0,0.0,788400000.0,GE88-0.0,0.0,0.0
89.0,33.0,AS,0.0,0.0,788400000.0,AS89-0.0,0.0,0.0
146.0,55.0,CS,0.0,0.0,788400000.0,CS146-0.0,0.0,0.0
120.0,52.0,TE,0.0,0.0,788400000.0,TE120-0.0,20.709416322702268,8.190978816435827e-21
134.0,48.0,CD,0.0,0.0,788400000.0,CD134-0.0,0.0,0.0
112.0,48.0,CD,0.0,0.0,788400000.0,CD112-0.0,237282112679.35706,9.439437800474643e-11
94.0,37.0,RB,0.0,0.0,788400000.0,RB94-0.0,0.0,0.0
155.0,61.0,PM,0.0,0.0,788400000.0,PM155-0.0,0.0,0.0
99.0,37.0,RB,0.0,0.0,788400000.0,RB99-0.0,0.0,0.0
86.0,36.0,KR,0.0,0.0,788400000.0,KR86-0.0,469280811433.16296,1.8655639883609548e-10
153.0,59.0,PR,0.0,0.0,788400000.0,PR153-0.0,0.0,0.0
144.0,56.0,BA,0.0,0.0,788400000.0,BA144-0.0,0.0,0.0
113.0,45.0,RH,0.0,0.0,788400000.0,RH113-0.0,0.0,0.0
109.0,42.0,MO,0.0,0.0,788400000.0,MO109-0.0,0.0,0.0
132.0,51.0,SB,0.0,0.0,788400000.0,SB132-0.0,0.0,0.0
119.0,45.0,RH,0.0,0.0,788400000.0,RH119-0.0,0.0,0.0
155.0,59.0,PR,0.0,0.0,788400000.0,PR155-0.0,0.0,0.0
97.0,38.0,SR,0.0,0.0,788400000.0,SR97-0.0,0.0,0.0
160.0,62.0,SM,0.0,0.0,788400000.0,SM160-0.0,0.0,0.0
117.0,45.0,RH,0.0,0.0,788400000.0,RH117-0.0,0.0,0.0
147.0,54.0,XE,0.0,0.0,788400000.0,XE147-0.0,0.0,0.0
91.0,40.0,ZR,0.0,0.0,788400000.0,ZR91-0.0,3025653046117.3433,1.2032441978005617e-09
152.0,56.0,BA,0.0,0.0,788400000.0,BA152-0.0,0.0,0.0
150.0,60.0,ND,0.0,0.0,788400000.0,ND150-0.0,0.0,0.0
82.0,29.0,CU,0.0,0.0,788400000.0,CU82-0.0,0.0,0.0
111.0,45.0,RH,0.0,0.0,788400000.0,RH111-0.0,0.0,0.0
69.0,24.0,CR,0.0,0.0,788400000.0,CR69-0.0,0.0,0.0
107.0,40.0,ZR,0.0,0.0,788400000.0,ZR107-0.0,0.0,0.0
157.0,58.0,CE,0.0,0.0,788400000.0,CE157-0.0,0.0,0.0
163.0,63.0,EU,0.0,0.0,788400000.0,EU163-0.0,0.0,0.0
69.0,25.0,MN,0.0,0.0,788400000.0,MN69-0.0,0.0,0.0
119.0,46.0,PD,0.0,0.0,788400000.0,PD119-0.0,0.0,0.0
75.0,27.0,CO,0.0,0.0,788400000.0,CO75-0.0,0.0,0.0
171.0,64.0,GD,0.0,0.0,788400000.0,GD171-0.0,0.0,0.0
103.0,39.0,Y,0.0,0.0,788400000.0,Y103-0.0,0.0,0.0
124.0,48.0,CD,0.0,0.0,788400000.0,CD124-0.0,0.0,0.0
169.0,63.0,EU,0.0,0.0,788400000.0,EU169-0.0,0.0,0.0
137.0,51.0,SB,0.0,0.0,788400000.0,SB137-0.0,0.0,0.0
81.0,35.0,BR,0.0,0.0,788400000.0,BR81-0.0,165396468897.3875,6.576441245816977e-11
161.0,61.0,PM,0.0,0.0,788400000.0,PM161-0.0,0.0,0.0
72.0,25.0,MN,0.0,0.0,788400000.0,MN72-0.0,0.0,0.0
149.0,55.0,CS,0.0,0.0,788400000.0,CS149-0.0,0.0,0.0
104.0,44.0,RU,0.0,0.0,788400000.0,RU104-0.0,6358247898407.2,2.528354938474603e-09
124.0,47.0,AG,0.0,0.0,788400000.0,AG124-0.0,0.0,0.0
87.0,32.0,GE,0.0,0.0,788400000.0,GE87-0.0,0.0,0.0
113.0,42.0,MO,0.0,0.0,788400000.0,MO113-0.0,0.0,0.0
90.0,34.0,SE,0.0,0.0,788400000.0,SE90-0.0,0.0,0.0
101.0,39.0,Y,0.0,0.0,788400000.0,Y101-0.0,0.0,0.0
89.0,34.0,SE,0.0,0.0,788400000.0,SE89-0.0,0.0,0.0
91.0,33.0,AS,0.0,0.0,788400000.0,AS91-0.0,0.0,0.0
94.0,40.0,ZR,0.0,0.0,788400000.0,ZR94-0.0,4424793434601.754,1.7595594005441582e-09
83.0,31.0,GA,0.0,0.0,788400000.0,GA83-0.0,0.0,0.0
67.0,23.0,V,0.0,0.0,788400000.0,V67-0.0,0.0,0.0
119.0,44.0,RU,0.0,0.0,788400000.0,RU119-0.0,0.0,0.0
122.0,45.0,RH,0.0,0.0,788400000.0,RH122-0.0,0.0,0.0
114.0,44.0,RU,0.0,0.0,788400000.0,RU114-0.0,0.0,0.0
89.0,32.0,GE,0.0,0.0,788400000.0,GE89-0.0,0.0,0.0
70.0,26.0,FE,0.0,0.0,788400000.0,FE70-0.0,0.0,0.0
167.0,64.0,GD,0.0,0.0,788400000.0,GD167-0.0,0.0,0.0
146.0,54.0,XE,0.0,0.0,788400000.0,XE146-0.0,0.0,0.0
80.0,29.0,CU,0.0,0.0,788400000.0,CU80-0.0,0.0,0.0
105.0,43.0,TC,0.0,0.0,788400000.0,TC105-0.0,0.0,0.0
132.0,47.0,AG,0.0,0.0,788400000.0,AG132-0.0,0.0,0.0
103.0,37.0,RB,0.0,0.0,788400000.0,RB103-0.0,0.0,0.0
118.0,44.0,RU,0.0,0.0,788400000.0,RU118-0.0,0.0,0.0
99.0,44.0,RU,0.0,0.0,788400000.0,RU99-0.0,645645910.6421974,2.567975562444991e-13
113.0,41.0,NB,0.0,0.0,788400000.0,NB113-0.0,0.0,0.0
92.0,35.0,BR,0.0,0.0,788400000.0,BR92-0.0,0.0,0.0
138.0,50.0,SN,0.0,0.0,788400000.0,SN138-0.0,0.0,0.0
172.0,66.0,DY,0.0,0.0,788400000.0,DY172-0.0,0.0,0.0
122.0,46.0,PD,0.0,0.0,788400000.0,PD122-0.0,0.0,0.0
116.0,50.0,SN,0.0,0.0,788400000.0,SN116-0.0,674713.4252629676,2.670021317728517e-16
86.0,33.0,AS,0.0,0.0,788400000.0,AS86-0.0,0.0,0.0
84.0,32.0,GE,0.0,0.0,788400000.0,GE84-0.0,0.0,0.0
141.0,53.0,I,0.0,0.0,788400000.0,I141-0.0,0.0,0.0
143.0,60.0,ND,0.0,0.0,788400000.0,ND143-0.0,24261104926.743015,9.636785029912958e-12
159.0,59.0,PR,0.0,0.0,788400000.0,PR159-0.0,0.0,0.0
73.0,27.0,CO,0.0,0.0,788400000.0,CO73-0.0,0.0,0.0
169.0,69.0,TM,0.0,0.0,788400000.0,TM169-0.0,239453.8905454732,9.505886598173714e-17
158.0,59.0,PR,0.0,0.0,788400000.0,PR158-0.0,0.0,0.0
76.0,27.0,CO,0.0,0.0,788400000.0,CO76-0.0,0.0,0.0
88.0,33.0,AS,0.0,0.0,788400000.0,AS88-0.0,0.0,0.0
66.0,23.0,V,0.0,0.0,788400000.0,V66-0.0,0.0,0.0
75.0,29.0,CU,0.0,0.0,788400000.0,CU75-0.0,0.0,0.0
70.0,25.0,MN,0.0,0.0,788400000.0,MN70-0.0,0.0,0.0
100.0,42.0,MO,0.0,0.0,788400000.0,MO100-0.0,4012.171833500519,1.5935713735385193e-18
158.0,62.0,SM,0.0,0.0,788400000.0,SM158-0.0,0.0,0.0
98.0,36.0,KR,0.0,0.0,788400000.0,KR98-0.0,0.0,0.0
163.0,64.0,GD,0.0,0.0,788400000.0,GD163-0.0,0.0,0.0
168.0,64.0,GD,0.0,0.0,788400000.0,GD168-0.0,0.0,0.0
79.0,28.0,NI,0.0,0.0,788400000.0,NI79-0.0,0.0,0.0
142.0,60.0,ND,0.0,0.0,788400000.0,ND142-0.0,843697.9369849943,3.348755616025031e-16
171.0,70.0,YB,0.0,0.0,788400000.0,YB171-0.0,350801.11439620657,1.3929139524382873e-16
165.0,62.0,SM,0.0,0.0,788400000.0,SM165-0.0,0.0,0.0
161.0,66.0,DY,0.0,0.0,788400000.0,DY161-0.0,2943144802.0348372,1.1698459534204403e-12
107.0,39.0,Y,0.0,0.0,788400000.0,Y107-0.0,0.0,0.0
90.0,32.0,GE,0.0,0.0,788400000.0,GE90-0.0,0.0,0.0
144.0,60.0,ND,0.0,0.0,788400000.0,ND144-0.0,1.3199863647570866,5.235843871407513e-22
95.0,35.0,BR,0.0,0.0,788400000.0,BR95-0.0,0.0,0.0
92.0,33.0,AS,0.0,0.0,788400000.0,AS92-0.0,0.0,0.0
144.0,53.0,I,0.0,0.0,788400000.0,I144-0.0,0.0,0.0
78.0,28.0,NI,0.0,0.0,788400000.0,NI78-0.0,0.0,0.0
79.0,29.0,CU,0.0,0.0,788400000.0,CU79-0.0,0.0,0.0
148.0,54.0,XE,0.0,0.0,788400000.0,XE148-0.0,0.0,0.0
161.0,62.0,SM,0.0,0.0,788400000.0,SM161-0.0,0.0,0.0
126.0,52.0,TE,0.0,0.0,788400000.0,TE126-0.0,2989204371.849863,1.1876345740139707e-12
166.0,68.0,ER,0.0,0.0,788400000.0,ER166-0.0,125507871.26706387,4.982186759032837e-14
97.0,37.0,RB,0.0,0.0,788400000.0,RB97-0.0,0.0,0.0
136.0,50.0,SN,0.0,0.0,788400000.0,SN136-0.0,0.0,0.0
118.0,50.0,SN,0.0,0.0,788400000.0,SN118-0.0,333009963.79496527,1.3216416217754352e-13
127.0,47.0,AG,0.0,0.0,788400000.0,AG127-0.0,0.0,0.0
84.0,36.0,KR,0.0,0.0,788400000.0,KR84-0.0,583757042336.5974,2.3212392571255158e-10
96.0,40.0,ZR,0.0,0.0,788400000.0,ZR96-0.0,0.0,0.0
162.0,66.0,DY,0.0,0.0,788400000.0,DY162-0.0,2899858172.292427,1.151647767072229e-12
131.0,48.0,CD,0.0,0.0,788400000.0,CD131-0.0,0.0,0.0
171.0,65.0,TB,0.0,0.0,788400000.0,TB171-0.0,0.0,0.0
169.0,67.0,HO,0.0,0.0,788400000.0,HO169-0.0,0.0,0.0
71.0,26.0,FE,0.0,0.0,788400000.0,FE71-0.0,0.0,0.0
164.0,65.0,TB,0.0,0.0,788400000.0,TB164-0.0,0.0,0.0
139.0,53.0,I,0.0,0.0,788400000.0,I139-0.0,0.0,0.0
168.0,63.0,EU,0.0,0.0,788400000.0,EU168-0.0,0.0,0.0
88.0,38.0,SR,0.0,0.0,788400000.0,SR88-0.0,876788675185.2993,3.4858531914300177e-10
92.0,40.0,ZR,0.0,0.0,788400000.0,ZR92-0.0,3789668150210.26,1.5071092990456898e-09
76.0,32.0,GE,0.0,0.0,788400000.0,GE76-0.0,5000004540.678781,1.9863985221134148e-12
160.0,59.0,PR,0.0,0.0,788400000.0,PR160-0.0,0.0,0.0
148.0,58.0,CE,0.0,0.0,788400000.0,CE148-0.0,0.0,0.0
66.0,24.0,CR,0.0,0.0,788400000.0,CR66-0.0,0.0,0.0
97.0,35.0,BR,0.0,0.0,788400000.0,BR97-0.0,0.0,0.0
103.0,42.0,MO,0.0,0.0,788400000.0,MO103-0.0,0.0,0.0
151.0,58.0,CE,0.0,0.0,788400000.0,CE151-0.0,0.0,0.0
151.0,57.0,LA,0.0,0.0,788400000.0,LA151-0.0,0.0,0.0
140.0,51.0,SB,0.0,0.0,788400000.0,SB140-0.0,0.0,0.0
66.0,26.0,FE,0.0,0.0,788400000.0,FE66-0.0,0.0,0.0
156.0,60.0,ND,0.0,0.0,788400000.0,ND156-0.0,0.0,0.0
171.0,67.0,HO,0.0,0.0,788400000.0,HO171-0.0,0.0,0.0
133.0,48.0,CD,0.0,0.0,788400000.0,CD133-0.0,0.0,0.0
77.0,27.0,CO,0.0,0.0,788400000.0,CO77-0.0,0.0,0.0
120.0,50.0,SN,0.0,0.0,788400000.0,SN120-0.0,44242671925.56161,1.7582292539988374e-11
115.0,43.0,TC,0.0,0.0,788400000.0,TC115-0.0,0.0,0.0
135.0,49.0,IN,0.0,0.0,788400000.0,IN135-0.0,0.0,0.0
154.0,57.0,LA,0.0,0.0,788400000.0,LA154-0.0,0.0,0.0
83.0,30.0,ZN,0.0,0.0,788400000.0,ZN83-0.0,0.0,0.0
150.0,55.0,CS,0.0,0.0,788400000.0,CS150-0.0,0.0,0.0
95.0,34.0,SE,0.0,0.0,788400000.0,SE95-0.0,0.0,0.0
70.0,32.0,GE,0.0,0.0,788400000.0,GE70-0.0,7195.570463234217,2.8560516514993617e-18
87.0,31.0,GA,0.0,0.0,788400000.0,GA87-0.0,0.0,0.0
163.0,66.0,DY,0.0,0.0,788400000.0,DY163-0.0,328880876.0047724,1.3058901940707632e-13
164.0,66.0,DY,0.0,0.0,788400000.0,DY164-0.0,27315183.92560596,1.0842479053506521e-14
159.0,60.0,ND,0.0,0.0,788400000.0,ND159-0.0,0.0,0.0
162.0,62.0,SM,0.0,0.0,788400000.0,SM162-0.0,0.0,0.0
67.0,24.0,CR,0.0,0.0,788400000.0,CR67-0.0,0.0,0.0
110.0,45.0,RH,0.0,0.0,788400000.0,RH110-0.0,0.0,0.0
112.0,43.0,TC,0.0,0.0,788400000.0,TC112-0.0,0.0,0.0
172.0,70.0,YB,0.0,0.0,788400000.0,YB172-0.0,311284.5419233988,1.2365771956333592e-16
169.0,62.0,SM,0.0,0.0,788400000.0,SM169-0.0,0.0,0.0
124.0,50.0,SN,0.0,0.0,788400000.0,SN124-0.0,0.0,0.0
103.0,40.0,ZR,0.0,0.0,788400000.0,ZR103-0.0,0.0,0.0
76.0,28.0,NI,0.0,0.0,788400000.0,NI76-0.0,0.0,0.0
68.0,25.0,MN,0.0,0.0,788400000.0,MN68-0.0,0.0,0.0
160.0,60.0,ND,0.0,0.0,788400000.0,ND160-0.0,0.0,0.0
158.0,60.0,ND,0.0,0.0,788400000.0,ND158-0.0,0.0,0.0
167.0,62.0,SM,0.0,0.0,788400000.0,SM167-0.0,0.0,0.0
88.0,34.0,SE,0.0,0.0,788400000.0,SE88-0.0,0.0,0.0
76.0,29.0,CU,0.0,0.0,788400000.0,CU76-0.0,0.0,0.0
93.0,34.0,SE,0.0,0.0,788400000.0,SE93-0.0,0.0,0.0
90.0,33.0,AS,0.0,0.0,788400000.0,AS90-0.0,0.0,0.0
73.0,26.0,FE,0.0,0.0,788400000.0,FE73-0.0,0.0,0.0
140.0,52.0,TE,0.0,0.0,788400000.0,TE140-0.0,0.0,0.0
72.0,32.0,GE,0.0,0.0,788400000.0,GE72-0.0,371756516.34330034,1.4760252867219776e-13
126.0,47.0,AG,0.0,0.0,788400000.0,AG126-0.0,0.0,0.0
69.0,27.0,CO,0.0,0.0,788400000.0,CO69-0.0,0.0,0.0
89.0,35.0,BR,0.0,0.0,788400000.0,BR89-0.0,0.0,0.0
80.0,36.0,KR,0.0,0.0,788400000.0,KR80-0.0,2157436.294303751,8.565131586680793e-16
170.0,64.0,GD,0.0,0.0,788400000.0,GD170-0.0,0.0,0.0
141.0,51.0,SB,0.0,0.0,788400000.0,SB141-0.0,0.0,0.0
104.0,46.0,PD,0.0,0.0,788400000.0,PD104-0.0,5830030.632438715,2.314409185902445e-15
136.0,54.0,XE,0.0,0.0,788400000.0,XE136-0.0,0.0,0.0
159.0,61.0,PM,0.0,0.0,788400000.0,PM159-0.0,0.0,0.0
136.0,51.0,SB,0.0,0.0,788400000.0,SB136-0.0,0.0,0.0
154.0,62.0,SM,0.0,0.0,788400000.0,SM154-0.0,337356931509.9377,1.3420646176567054e-10
151.0,56.0,BA,0.0,0.0,788400000.0,BA151-0.0,0.0,0.0
100.0,44.0,RU,0.0,0.0,788400000.0,RU100-0.0,154341504.58342022,6.13020067015205e-14
70.0,27.0,CO,0.0,0.0,788400000.0,CO70-0.0,0.0,0.0
108.0,43.0,TC,0.0,0.0,788400000.0,TC108-0.0,0.0,0.0
141.0,54.0,XE,0.0,0.0,788400000.0,XE141-0.0,0.0,0.0
104.0,40.0,ZR,0.0,0.0,788400000.0,ZR104-0.0,0.0,0.0
158.0,66.0,DY,0.0,0.0,788400000.0,DY158-0.0,1897.1854293449207,7.529885727298912e-19
160.0,66.0,DY,0.0,0.0,788400000.0,DY160-0.0,14176363.419979239,5.629529318705386e-15
106.0,42.0,MO,0.0,0.0,788400000.0,MO106-0.0,0.0,0.0
151.0,59.0,PR,0.0,0.0,788400000.0,PR151-0.0,0.0,0.0
161.0,59.0,PR,0.0,0.0,788400000.0,PR161-0.0,0.0,0.0
141.0,52.0,TE,0.0,0.0,788400000.0,TE141-0.0,0.0,0.0
121.0,51.0,SB,0.0,0.0,788400000.0,SB121-0.0,11976862092.372618,4.759800860904586e-12
124.0,52.0,TE,0.0,0.0,788400000.0,TE124-0.0,125174015.83722447,4.972868532712527e-14
112.0,42.0,MO,0.0,0.0,788400000.0,MO112-0.0,0.0,0.0
112.0,41.0,NB,0.0,0.0,788400000.0,NB112-0.0,0.0,0.0
98.0,42.0,MO,0.0,0.0,788400000.0,MO98-0.0,5535817577305.268,2.2017619856093456e-09
150.0,58.0,CE,0.0,0.0,788400000.0,CE150-0.0,0.0,0.0
155.0,60.0,ND,0.0,0.0,788400000.0,ND155-0.0,0.0,0.0
88.0,35.0,BR,0.0,16.5,788400000.0,BR88-0.0,20815.41500631796,8.280295267376722e-18
89.0,39.0,Y,0.0,0.0,788400000.0,Y89-0.0,1561386733171.6023,6.207500450370858e-10
73.0,32.0,GE,0.0,0.0,788400000.0,GE73-0.0,538213462.5609372,2.1376877765258713e-13
137.0,56.0,BA,0.0,0.0,788400000.0,BA137-0.0,1354068588568.944,5.384335332380931e-10
113.0,49.0,IN,0.0,0.0,788400000.0,IN113-0.0,356192197.12106425,1.4123427130363174e-13
87.0,38.0,SR,0.0,0.0,788400000.0,SR87-0.0,9983080.528770555,3.963334758269016e-15
123.0,51.0,SB,0.0,0.0,788400000.0,SB123-0.0,79835592129.59161,3.17349896896753e-11
77.0,34.0,SE,0.0,0.0,788400000.0,SE77-0.0,3429298761.3477182,1.362435613127115e-12
125.0,52.0,TE,0.0,0.0,788400000.0,TE125-0.0,130560770533.77646,5.187577468752508e-11
164.0,64.0,GD,0.0,0.0,788400000.0,GD164-0.0,908328996.3347747,3.608305004683553e-13
131.0,54.0,XE,0.0,0.0,788400000.0,XE131-0.0,3703111729021.944,1.4724035329895004e-09
117.0,50.0,SN,0.0,0.0,788400000.0,SN117-0.0,28327479651.535442,1.1253031186638792e-11
96.0,37.0,RB,0.0,0.0,788400000.0,RB96-0.0,113446687254.51823,4.51576311655057e-11
154.0,61.0,PM,0.0,0.0,788400000.0,PM154-0.0,38701610450.577614,1.539695246031358e-11
117.0,44.0,RU,0.0,0.0,788400000.0,RU117-0.0,61476521.25781557,2.4519734406001022e-14
117.0,48.0,CD,0.0,0.0,788400000.0,CD117-0.0,76818678.55469194,3.0516099520507756e-14
157.0,64.0,GD,0.0,0.0,788400000.0,GD157-0.0,77856182429.71872,3.0953472730085204e-11
134.0,54.0,XE,0.0,0.0,788400000.0,XE134-0.0,10099860021328.375,4.017430142096784e-09
138.0,58.0,CE,0.0,0.0,788400000.0,CE138-0.0,4632.14835525298,1.8384630157560277e-18
129.0,54.0,XE,0.0,0.0,788400000.0,XE129-0.0,1022361.4735713388,4.066116801356322e-16
134.0,56.0,BA,0.0,0.0,788400000.0,BA134-0.0,427349149.53011245,1.6968491798607298e-13
101.0,44.0,RU,0.0,0.0,788400000.0,RU101-0.0,8048560661885.145,3.200920052348773e-09
155.0,64.0,GD,0.0,0.0,788400000.0,GD155-0.0,24262184515.38492,9.640985304232906e-12
166.0,64.0,GD,0.0,0.0,788400000.0,GD166-0.0,91381057.61731426,3.6301649370505665e-14
167.0,68.0,ER,0.0,0.0,788400000.0,ER167-0.0,94330003.04126686,3.744855058184434e-14
168.0,70.0,YB,0.0,0.0,788400000.0,YB168-0.0,0.005136662032777712,2.0385779611137876e-24
79.0,35.0,BR,0.0,0.0,788400000.0,BR79-0.0,1434672.0977318413,5.698855935212085e-16
83.0,36.0,KR,0.0,0.0,788400000.0,KR83-0.0,182454319074.09995,7.252876557172704e-11
135.0,56.0,BA,0.0,0.0,788400000.0,BA135-0.0,45867216.92290433,1.8236323759249145e-14
107.0,47.0,AG,0.0,0.0,788400000.0,AG107-0.0,1234492.160717905,4.907524963741147e-16
163.0,67.0,HO,0.0,0.0,788400000.0,HO163-0.0,5811.276381505296,2.306280281236104e-18
136.0,56.0,BA,0.0,0.0,788400000.0,BA136-0.0,100544753269.7149,3.993719255440261e-11
115.0,50.0,SN,0.0,0.0,788400000.0,SN115-0.0,4.167553729909991,1.6470519105201513e-21
68.0,28.0,NI,0.0,0.0,788400000.0,NI68-0.0,5574493.098966303,2.2133711308655474e-15
132.0,54.0,XE,0.0,0.0,788400000.0,XE132-0.0,1033677203495.9901,4.1095524346129146e-10
106.0,48.0,CD,0.0,0.0,788400000.0,CD106-0.0,0.0,0.0
117.0,46.0,PD,0.0,0.0,788400000.0,PD117-0.0,42778844553.493805,1.7013276395292666e-11
105.0,46.0,PD,0.0,0.0,788400000.0,PD105-0.0,57814924223.19503,2.2966635950313657e-11
102.0,46.0,PD,0.0,0.0,788400000.0,PD102-0.0,426.5871578427898,1.693288644913578e-19
112.0,45.0,RH,0.0,0.0,788400000.0,RH112-0.0,26082069364.875355,1.0375870141162765e-11
93.0,41.0,NB,0.0,0.0,788400000.0,NB93-0.0,7085534.063835039,2.8178249110685906e-15
125.0,49.0,IN,0.0,0.0,788400000.0,IN125-0.0,0.0,0.0
127.0,53.0,I,0.0,0.0,788400000.0,I127-0.0,559983744839.376,2.2265475734551836e-10
74.0,34.0,SE,0.0,0.0,788400000.0,SE74-0.0,988.7978823681486,3.9248155394360587e-19
144.0,52.0,TE,0.0,0.0,788400000.0,TE144-0.0,0.0,0.0
74.0,26.0,FE,0.0,0.0,788400000.0,FE74-0.0,0.0,0.0
110.0,39.0,Y,0.0,0.0,788400000.0,Y110-0.0,0.0,0.0
120.0,44.0,RU,0.0,0.0,788400000.0,RU120-0.0,0.0,0.0
139.0,50.0,SN,0.0,0.0,788400000.0,SN139-0.0,0.0,0.0
110.0,40.0,ZR,0.0,0.0,788400000.0,ZR110-0.0,0.0,0.0
116.0,42.0,MO,0.0,0.0,788400000.0,MO116-0.0,0.0,0.0
162.0,59.0,PR,0.0,0.0,788400000.0,PR162-0.0,0.0,0.0
114.0,41.0,NB,0.0,0.0,788400000.0,NB114-0.0,0.0,0.0
109.0,39.0,Y,0.0,0.0,788400000.0,Y109-0.0,0.0,0.0
123.0,46.0,PD,0.0,0.0,788400000.0,PD123-0.0,0.0,0.0
109.0,47.0,AG,0.0,0.0,788400000.0,AG109-0.0,2109379793550.0376,8.396695134167007e-10
108.0,40.0,ZR,0.0,0.0,788400000.0,ZR108-0.0,0.0,0.0
119.0,43.0,TC,0.0,0.0,788400000.0,TC119-0.0,0.0,0.0
123.0,45.0,RH,0.0,0.0,788400000.0,RH123-0.0,0.0,0.0
109.0,40.0,ZR,0.0,0.0,788400000.0,ZR109-0.0,0.0,0.0
159.0,58.0,CE,0.0,0.0,788400000.0,CE159-0.0,0.0,0.0
110.0,41.0,NB,0.0,0.0,788400000.0,NB110-0.0,0.0,0.0
121.0,44.0,RU,0.0,0.0,788400000.0,RU121-0.0,0.0,0.0
118.0,43.0,TC,0.0,0.0,788400000.0,TC118-0.0,0.0,0.0
111.0,40.0,ZR,0.0,0.0,788400000.0,ZR111-0.0,0.0,0.0
149.0,54.0,XE,0.0,0.0,788400000.0,XE149-0.0,0.0,0.0
110.0,48.0,CD,0.0,0.0,788400000.0,CD110-0.0,2574.7075689476615,1.0303720036340464e-18
111.0,48.0,CD,0.0,0.0,788400000.0,CD111-0.0,24756474.589037187,9.835932837844129e-15
90.0,40.0,ZR,0.0,0.0,788400000.0,ZR90-0.0,607412248217.3495,2.415538581801798e-10
113.0,44.0,RU,0.0,0.0,788400000.0,RU113-0.0,0.0,0.0
82.0,34.0,SE,0.0,0.0,788400000.0,SE82-0.0,174048014127.65836,6.91722754602536e-11
103.0,45.0,RH,0.0,0.0,788400000.0,RH103-0.0,184378962497.70078,7.32542934538536e-11
75.0,33.0,AS,0.0,0.0,788400000.0,AS75-0.0,50386410.69729992,2.0010252559561718e-14
119.0,47.0,AG,0.0,0.0,788400000.0,AG119-0.0,0.0,0.0
116.0,45.0,RH,0.0,0.0,788400000.0,RH116-0.0,434922233.1375172,1.7313657211040846e-13
119.0,50.0,SN,0.0,0.0,788400000.0,SN119-0.0,56347376099.41284,2.2402509571898215e-11
206.0,82.0,PB,0.0,0.0,788400000.0,PB206-0.0,646422840.898002,2.554716707314641e-13
120.0,47.0,AG,0.0,0.0,788400000.0,AG120-0.0,13657973536.344355,5.433551849869392e-12
78.0,36.0,KR,0.0,0.0,788400000.0,KR78-0.0,0.0,0.0
118.0,47.0,AG,0.0,0.0,788400000.0,AG118-0.0,56277526229.94896,2.2381784211985573e-11
114.0,45.0,RH,0.0,0.0,788400000.0,RH114-0.0,0.0,0.0
115.0,46.0,PD,0.0,0.0,788400000.0,PD115-0.0,45277457029.789345,1.7996279886215478e-11
95.0,36.0,KR,0.0,0.0,788400000.0,KR95-0.0,7073561199.126567,2.8168916040807787e-12
170.0,70.0,YB,0.0,0.0,788400000.0,YB170-0.0,1681.818719241613,6.675289663215102e-19
239.0,94.0,PU,0.0,760899990561.7621,788400000.0,PU239-0.0,7.006249993479459e+24,2780.5622870256366
108.0,47.0,AG,0.0,142.92,788400000.0,AG108-0.0,0.0132547977903836,5.261979159162529e-24
235.0,92.0,U,0.0,2.221e+16,788400000.0,U235-0.0,5.033685536599945e+21,1.997712925008725
231.0,90.0,TH,0.0,91872.0,788400000.0,TH231-0.0,20818416889.470158,8.262180900240811e-12
231.0,91.0,PA,0.0,1033800000000.0,788400000.0,PA231-0.0,61902625245246.86,2.456722289170471e-08
227.0,89.0,AC,0.0,687100000.0,788400000.0,AC227-0.0,8991915833.975859,3.568611179922387e-12
227.0,90.0,TH,0.0,1613952.0,788400000.0,TH227-0.0,20649821.522847757,8.195270653156592e-15
223.0,87.0,FR,0.0,1320.0,788400000.0,FR223-0.0,244.42384808944252,9.700420833965489e-20
223.0,88.0,RA,0.0,988122.24,788400000.0,RA223-0.0,12758963.23687966,5.063634901842179e-15
219.0,86.0,RN,0.0,3.96,788400000.0,RN219-0.0,50.52720428385309,2.005267280375042e-20
215.0,84.0,PO,0.0,0.00178,788400000.0,PO215-0.0,0.022709902194038498,9.012852473370617e-24
219.0,85.0,AT,0.0,56.0,788400000.0,AT219-0.0,0.002374614031040609,9.42410308952502e-25
215.0,83.0,BI,0.0,456.0,788400000.0,BI215-0.0,0.018756014349629074,7.44367760271573e-24
211.0,82.0,PB,0.0,2166.0,788400000.0,PB211-0.0,27634.322991876958,1.0967201628576003e-17
211.0,83.0,BI,0.0,128.4,788400000.0,BI211-0.0,1638.1554508239733,6.501328486830813e-19
207.0,81.0,TL,0.0,286.2,788400000.0,TL207-0.0,3641.319983187096,1.4451264270709542e-18
211.0,84.0,PO,0.0,0.516,788400000.0,PO211-0.0,0.018168492951825984,7.210508668824955e-24
207.0,82.0,PB,1633.368,0.806,788400000.0,PB207-1633.368,0.0,0.0
83.0,38.0,SR,259.15,4.95,788400000.0,SR83-259.15,1.5852702203218074e-12,6.291443487563249e-34
83.0,38.0,SR,0.0,116675.1,788400000.0,SR83-0.0,3.736597774641656e-08,1.4829392133626513e-29
108.0,48.0,CD,0.0,0.0,788400000.0,CD108-0.0,0.0,0.0
96.0,34.0,SE,0.0,0.0,788400000.0,SE96-0.0,0.0,0.0
165.0,61.0,PM,0.0,0.0,788400000.0,PM165-0.0,0.0,0.0
128.0,54.0,XE,0.0,0.0,788400000.0,XE128-0.0,0.29128942069347447,1.1560369363694157e-22
167.0,61.0,PM,0.0,0.0,788400000.0,PM167-0.0,0.0,0.0
108.0,39.0,Y,0.0,0.0,788400000.0,Y108-0.0,0.0,0.0
163.0,60.0,ND,0.0,0.0,788400000.0,ND163-0.0,0.0,0.0
73.0,25.0,MN,0.0,0.0,788400000.0,MN73-0.0,0.0,0.0
137.0,49.0,IN,0.0,0.0,788400000.0,IN137-0.0,0.0,0.0
142.0,51.0,SB,0.0,0.0,788400000.0,SB142-0.0,0.0,0.0
147.0,53.0,I,0.0,0.0,788400000.0,I147-0.0,0.0,0.0
128.0,46.0,PD,0.0,0.0,788400000.0,PD128-0.0,0.0,0.0
124.0,45.0,RH,0.0,0.0,788400000.0,RH124-0.0,0.0,0.0
124.0,46.0,PD,0.0,0.0,788400000.0,PD124-0.0,0.0,0.0
86.0,30.0,ZN,0.0,0.0,788400000.0,ZN86-0.0,0.0,0.0
117.0,42.0,MO,0.0,0.0,788400000.0,MO117-0.0,0.0,0.0
101.0,36.0,KR,0.0,0.0,788400000.0,KR101-0.0,0.0,0.0
91.0,32.0,GE,0.0,0.0,788400000.0,GE91-0.0,0.0,0.0
88.0,31.0,GA,0.0,0.0,788400000.0,GA88-0.0,0.0,0.0
126.0,53.0,I,0.0,0.0,788400000.0,I126-0.0,0.0,0.0
93.0,33.0,AS,0.0,0.0,788400000.0,AS93-0.0,0.0,0.0
152.0,55.0,CS,0.0,0.0,788400000.0,CS152-0.0,0.0,0.0
130.0,46.0,PD,0.0,0.0,788400000.0,PD130-0.0,0.0,0.0
157.0,57.0,LA,0.0,0.0,788400000.0,LA157-0.0,0.0,0.0
128.0,47.0,AG,0.0,0.0,788400000.0,AG128-0.0,0.0,0.0
106.0,38.0,SR,0.0,0.0,788400000.0,SR106-0.0,0.0,0.0
68.0,24.0,CR,0.0,0.0,788400000.0,CR68-0.0,0.0,0.0
71.0,25.0,MN,0.0,0.0,788400000.0,MN71-0.0,0.0,0.0
107.0,38.0,SR,0.0,0.0,788400000.0,SR107-0.0,0.0,0.0
105.0,37.0,RB,0.0,0.0,788400000.0,RB105-0.0,0.0,0.0
104.0,37.0,RB,0.0,0.0,788400000.0,RB104-0.0,0.0,0.0
207.0,82.0,PB,0.0,0.0,788400000.0,PB207-0.0,1798833229.5069757,7.139008518495127e-13
240.0,94.0,PU,0.0,207049999472.92667,788400000.0,PU240-0.0,4.468662785757503e+23,178.08933921062993
236.0,92.0,U,0.0,739100000000000.0,788400000.0,U236-0.0,1.180817875891389e+21,0.4705906113923736
232.0,90.0,TH,0.0,4.418e+17,788400000.0,TH232-0.0,436729825033172.5,1.7404966470421956e-07
228.0,88.0,RA,0.0,181500000.0,788400000.0,RA228-0.0,97855.29620454546,3.899821014660393e-17
228.0,89.0,AC,0.0,22140.0,788400000.0,AC228-0.0,11.935515953294429,4.756653726557304e-21
228.0,90.0,TH,0.0,60354000.0,788400000.0,TH228-0.0,23641.13840623759,9.421688139845176e-18
224.0,88.0,RA,0.0,316224.0,788400000.0,RA224-0.0,123.66759474902574,4.928516938180332e-20
220.0,86.0,RN,0.0,55.6,788400000.0,RN220-0.0,0.0217433153977324,8.665349920276151e-24
216.0,84.0,PO,0.0,0.144,788400000.0,PO216-0.0,5.631362257139259e-05,2.244263287053128e-26
212.0,82.0,PB,0.0,38239.2,788400000.0,PB212-0.0,14.951160617038987,5.9584767130042255e-21
212.0,83.0,BI,250.0,1500.0,788400000.0,BI212-250.0,0.5864811241824591,2.337299565276023e-22
208.0,81.0,TL,0.0,183.18,788400000.0,TL208-0.0,0.05624000465221711,2.2413293967130896e-23
212.0,83.0,BI,0.0,3633.0,788400000.0,BI212-0.0,0.4762704839217041,1.8980777882250795e-22
212.0,84.0,PO,0.0,2.99e-07,788400000.0,PO212-0.0,2.1699673615892795e-11,8.647957388186773e-33
212.0,84.0,PO,1476.4,1.71e-08,788400000.0,PO212-1476.4,-8.97541878811042e-28,-3.576968050056839e-49
165.0,60.0,ND,0.0,0.0,788400000.0,ND165-0.0,0.0,0.0
115.0,41.0,NB,0.0,0.0,788400000.0,NB115-0.0,0.0,0.0
172.0,64.0,GD,0.0,0.0,788400000.0,GD172-0.0,0.0,0.0
170.0,63.0,EU,0.0,0.0,788400000.0,EU170-0.0,0.0,0.0
154.0,56.0,BA,0.0,0.0,788400000.0,BA154-0.0,0.0,0.0
168.0,62.0,SM,0.0,0.0,788400000.0,SM168-0.0,0.0,0.0
172.0,63.0,EU,0.0,0.0,788400000.0,EU172-0.0,0.0,0.0
99.0,35.0,BR,0.0,0.0,788400000.0,BR99-0.0,0.0,0.0
171.0,62.0,SM,0.0,0.0,788400000.0,SM171-0.0,0.0,0.0
140.0,50.0,SN,0.0,0.0,788400000.0,SN140-0.0,0.0,0.0
133.0,47.0,AG,0.0,0.0,788400000.0,AG133-0.0,0.0,0.0
145.0,52.0,TE,0.0,0.0,788400000.0,TE145-0.0,0.0,0.0
163.0,59.0,PR,0.0,0.0,788400000.0,PR163-0.0,0.0,0.0
135.0,48.0,CD,0.0,0.0,788400000.0,CD135-0.0,0.0,0.0
81.0,28.0,NI,0.0,0.0,788400000.0,NI81-0.0,0.0,0.0
120.0,43.0,TC,0.0,0.0,788400000.0,TC120-0.0,0.0,0.0
158.0,57.0,LA,0.0,0.0,788400000.0,LA158-0.0,0.0,0.0
155.0,56.0,BA,0.0,0.0,788400000.0,BA155-0.0,0.0,0.0
106.0,37.0,RB,0.0,0.0,788400000.0,RB106-0.0,0.0,0.0
123.0,44.0,RU,0.0,0.0,788400000.0,RU123-0.0,0.0,0.0
109.0,38.0,SR,0.0,0.0,788400000.0,SR109-0.0,0.0,0.0
141.0,50.0,SN,0.0,0.0,788400000.0,SN141-0.0,0.0,0.0
122.0,44.0,RU,0.0,0.0,788400000.0,RU122-0.0,0.0,0.0
66.0,22.0,TI,0.0,0.0,788400000.0,TI66-0.0,0.0,0.0
69.0,23.0,V,0.0,0.0,788400000.0,V69-0.0,0.0,0.0
121.0,43.0,TC,0.0,0.0,788400000.0,TC121-0.0,0.0,0.0
159.0,57.0,LA,0.0,0.0,788400000.0,LA159-0.0,0.0,0.0
118.0,42.0,MO,0.0,0.0,788400000.0,MO118-0.0,0.0,0.0
125.0,45.0,RH,0.0,0.0,788400000.0,RH125-0.0,0.0,0.0
161.0,58.0,CE,0.0,0.0,788400000.0,CE161-0.0,0.0,0.0
150.0,54.0,XE,0.0,0.0,788400000.0,XE150-0.0,0.0,0.0
154.0,55.0,CS,0.0,0.0,788400000.0,CS154-0.0,0.0,0.0
68.0,23.0,V,0.0,0.0,788400000.0,V68-0.0,0.0,0.0
113.0,40.0,ZR,0.0,0.0,788400000.0,ZR113-0.0,0.0,0.0
169.0,61.0,PM,0.0,0.0,788400000.0,PM169-0.0,0.0,0.0
131.0,46.0,PD,0.0,0.0,788400000.0,PD131-0.0,0.0,0.0
153.0,55.0,CS,0.0,0.0,788400000.0,CS153-0.0,0.0,0.0
77.0,26.0,FE,0.0,0.0,788400000.0,FE77-0.0,0.0,0.0
84.0,29.0,CU,0.0,0.0,788400000.0,CU84-0.0,0.0,0.0
172.0,62.0,SM,0.0,0.0,788400000.0,SM172-0.0,0.0,0.0
94.0,33.0,AS,0.0,0.0,788400000.0,AS94-0.0,0.0,0.0
125.0,46.0,PD,0.0,0.0,788400000.0,PD125-0.0,0.0,0.0
89.0,31.0,GA,0.0,0.0,788400000.0,GA89-0.0,0.0,0.0
87.0,30.0,ZN,0.0,0.0,788400000.0,ZN87-0.0,0.0,0.0
138.0,49.0,IN,0.0,0.0,788400000.0,IN138-0.0,0.0,0.0
166.0,60.0,ND,0.0,0.0,788400000.0,ND166-0.0,0.0,0.0
111.0,39.0,Y,0.0,0.0,788400000.0,Y111-0.0,0.0,0.0
167.0,60.0,ND,0.0,0.0,788400000.0,ND167-0.0,0.0,0.0
151.0,54.0,XE,0.0,0.0,788400000.0,XE151-0.0,0.0,0.0
148.0,53.0,I,0.0,0.0,788400000.0,I148-0.0,0.0,0.0
79.0,27.0,CO,0.0,0.0,788400000.0,CO79-0.0,0.0,0.0
97.0,34.0,SE,0.0,0.0,788400000.0,SE97-0.0,0.0,0.0
108.0,38.0,SR,0.0,0.0,788400000.0,SR108-0.0,0.0,0.0
146.0,52.0,TE,0.0,0.0,788400000.0,TE146-0.0,0.0,0.0
92.0,32.0,GE,0.0,0.0,788400000.0,GE92-0.0,0.0,0.0
71.0,24.0,CR,0.0,0.0,788400000.0,CR71-0.0,0.0,0.0
143.0,51.0,SB,0.0,0.0,788400000.0,SB143-0.0,0.0,0.0
74.0,25.0,MN,0.0,0.0,788400000.0,MN74-0.0,0.0,0.0
156.0,56.0,BA,0.0,0.0,788400000.0,BA156-0.0,0.0,0.0
208.0,82.0,PB,0.0,0.0,788400000.0,PB208-0.0,52750.052423403344,2.102244548268713e-17
241.0,94.0,PU,0.0,450999999.99704576,788400000.0,PU241-0.0,8.855062626309575e+21,3.543706761415201
241.0,95.0,AM,0.0,13650000000.0,788400000.0,AM241-0.0,2.039689859325103e+22,8.162633118149664
237.0,93.0,NP,0.0,67660000000000.0,788400000.0,NP237-0.0,4.939140553764616e+20,0.1976594239317104
233.0,91.0,PA,0.0,2330640.0,788400000.0,PA233-0.0,16893784186086.605,6.760722060649529e-09
233.0,92.0,U,0.0,5024000000000.0,788400000.0,U233-0.0,1442242590665658.8,5.771709400403051e-07
229.0,90.0,TH,0.0,231600000000.0,788400000.0,TH229-0.0,41183890578.706955,1.6481377677841552e-11
225.0,88.0,RA,0.0,1287360.0,788400000.0,RA225-0.0,226887.54196195118,9.079810617517056e-17
221.0,86.0,RN,0.0,1500.0,788400000.0,RN221-0.0,8.988273446812242e-09,3.597016388374407e-30
225.0,89.0,AC,0.0,864000.0,788400000.0,AC225-0.0,151360.8083527222,6.05730690575988e-17
221.0,87.0,FR,0.0,288.06,788400000.0,FR221-0.0,50.36434607383059,2.0155303383830524e-20
217.0,85.0,AT,0.0,0.0326,788400000.0,AT217-0.0,0.0056997767188548,2.280993161714152e-24
213.0,83.0,BI,0.0,2735.4,788400000.0,BI213-0.0,478.03238340700455,1.9130373897319547e-19
213.0,84.0,PO,0.0,3.72e-06,788400000.0,PO213-0.0,6.361281864538042e-07,2.545720849862148e-28
209.0,82.0,PB,0.0,11642.4,788400000.0,PB209-0.0,2033.9393958186547,8.139620343120239e-19
209.0,83.0,BI,0.0,6.343e+26,788400000.0,BI209-0.0,19665393.713803176,7.869892242483162e-15
237.0,92.0,U,0.0,583200.0,788400000.0,U237-0.0,281117756160177.2,1.1250049099583433e-07
209.0,81.0,TL,0.0,129.72,788400000.0,TL209-0.0,0.48512850741493063,1.941435362380973e-22
217.0,84.0,PO,0.0,1.53,788400000.0,PO217-0.0,1.8244397247845555e-12,7.301223787287859e-34
109.0,48.0,CD,462.7,1.06e-05,788400000.0,CD109-462.7,3.301360529954128e-16,1.3211711904903147e-37
109.0,48.0,CD,0.0,39910000.0,788400000.0,CD109-0.0,0.0012136329183178713,4.856836546520825e-25
168.0,61.0,PM,0.0,0.0,788400000.0,PM168-0.0,0.0,0.0
116.0,41.0,NB,0.0,0.0,788400000.0,NB116-0.0,0.0,0.0
164.0,60.0,ND,0.0,0.0,788400000.0,ND164-0.0,0.0,0.0
205.0,81.0,TL,0.0,0.0,788400000.0,TL205-0.0,2.878330186332576e-12,1.1518787131540758e-33
102.0,36.0,KR,0.0,0.0,788400000.0,KR102-0.0,0.0,0.0
213.0,82.0,PB,0.0,0.0,788400000.0,PB213-0.0,0.0,0.0
242.0,94.0,PU,0.0,11769998554868.707,788400000.0,PU242-0.0,3.702698101954974e+21,1.4879309142436978
238.0,92.0,U,0.0,1.41e+17,788400000.0,U238-0.0,1.7180045861885568e+17,6.903809233738847e-05
234.0,90.0,TH,0.0,2082240.0,788400000.0,TH234-0.0,2527423.843991217,1.0156464198054956e-15
234.0,91.0,PA,73.920001,69.54,788400000.0,PA234-73.920001,84.33592582213338,3.38904301017306e-20
160.0,58.0,CE,0.0,0.0,788400000.0,CE160-0.0,0.0,0.0
149.0,53.0,I,0.0,0.0,788400000.0,I149-0.0,0.0,0.0
144.0,51.0,SB,0.0,0.0,788400000.0,SB144-0.0,0.0,0.0
100.0,35.0,BR,0.0,0.0,788400000.0,BR100-0.0,0.0,0.0
139.0,49.0,IN,0.0,0.0,788400000.0,IN139-0.0,0.0,0.0
162.0,58.0,CE,0.0,0.0,788400000.0,CE162-0.0,0.0,0.0
234.0,91.0,PA,0.0,0.0,788400000.0,PA234-0.0,517958.1250600239,2.081417078409934e-16
